ISO-10303-21;
HEADER;
FILE_DESCRIPTION(('CATIA V5 STEP Exchange'),'2;1');

FILE_NAME('C:\\Users\\baezb\\OneDrive\\DISE\X2\00D1\X0\O CATIA\\PIEZA PB013-SPHION INNOVATION.stp','2025-07-02T20:11:05+00:00',('none'),('none'),'CATIA Version 5 Release 21 GA (IN-10)','CATIA V5 STEP AP203','none');

FILE_SCHEMA(('CONFIG_CONTROL_DESIGN'));

ENDSEC;
/* file written by CATIA V5R21 */
DATA;
#5=PRODUCT('PIEZA PB013','','EDUARDO BAEZ\X2\000D\X0\\X2\000A\X0\',(#2)) ;
#1=APPLICATION_CONTEXT('configuration controlled 3D design of mechanical parts and assemblies') ;
#14=PRODUCT_DEFINITION('',' ',#6,#3) ;
#16=SECURITY_CLASSIFICATION(' ',' ',#15) ;
#15=SECURITY_CLASSIFICATION_LEVEL('unclassified') ;
#47=CARTESIAN_POINT(' ',(0.,0.,0.)) ;
#52=CARTESIAN_POINT('Axis2P3D Location',(0.,0.,0.)) ;
#57=CARTESIAN_POINT('Line Origine',(-20.1059692629,4.,0.)) ;
#61=CARTESIAN_POINT('Vertex',(-20.1059692629,4.,33.)) ;
#63=CARTESIAN_POINT('Vertex',(-20.1059692629,4.,30.854704547)) ;
#66=CARTESIAN_POINT('Axis2P3D Location',(0.,0.,33.)) ;
#70=CARTESIAN_POINT('Vertex',(-15.9778333786,12.8436303484,33.)) ;
#73=CARTESIAN_POINT('Line Origine',(-15.9778333786,12.8436303484,0.)) ;
#77=CARTESIAN_POINT('Vertex',(-15.9778333786,12.8436303484,23.7495507215)) ;
#81=CARTESIAN_POINT('Control Point',(-15.9778333786,12.8436303484,23.7495507215)) ;
#82=CARTESIAN_POINT('Control Point',(-17.4666000163,10.9915632435,24.7511387328)) ;
#83=CARTESIAN_POINT('Control Point',(-18.7001697113,8.87667426325,25.6489759255)) ;
#84=CARTESIAN_POINT('Control Point',(-19.6081501665,6.50228386262,26.3272147772)) ;
#85=CARTESIAN_POINT('Control Point',(-20.1059692629,4.,26.7020598456)) ;
#86=CARTESIAN_POINT('Vertex',(-20.1059692629,4.,26.7020598456)) ;
#89=CARTESIAN_POINT('Line Origine',(-20.1059692629,4.,0.)) ;
#93=CARTESIAN_POINT('Vertex',(-20.1059692629,4.,28.145295453)) ;
#97=CARTESIAN_POINT('Control Point',(-19.25,7.04893608994,29.5)) ;
#98=CARTESIAN_POINT('Control Point',(-19.25,7.04893608994,29.4581401323)) ;
#99=CARTESIAN_POINT('Control Point',(-19.2514602071,7.04494839788,29.4162805557)) ;
#100=CARTESIAN_POINT('Control Point',(-19.2543813887,7.03697147447,29.3750356867)) ;
#101=CARTESIAN_POINT('Control Point',(-19.2706060261,6.9925566289,29.2206133763)) ;
#102=CARTESIAN_POINT('Control Point',(-19.3032628314,6.90234945288,29.0857210748)) ;
#103=CARTESIAN_POINT('Control Point',(-19.3325681516,6.82013026859,28.9987548468)) ;
#104=CARTESIAN_POINT('Control Point',(-19.4237145205,6.55929582853,28.7749636382)) ;
#105=CARTESIAN_POINT('Control Point',(-19.525789017,6.25040168754,28.6230432015)) ;
#106=CARTESIAN_POINT('Control Point',(-19.5916032952,6.04106059017,28.5396067813)) ;
#107=CARTESIAN_POINT('Control Point',(-19.748342004,5.51786148899,28.3706364641)) ;
#108=CARTESIAN_POINT('Control Point',(-19.891589106,4.97398183114,28.2642147882)) ;
#109=CARTESIAN_POINT('Control Point',(-19.9689649528,4.6537244185,28.2152415225)) ;
#110=CARTESIAN_POINT('Control Point',(-20.0407373891,4.32788751248,28.1763068878)) ;
#111=CARTESIAN_POINT('Control Point',(-20.1059692629,3.99999999994,28.145295453)) ;
#112=CARTESIAN_POINT('Vertex',(-19.25,7.04893608994,29.5)) ;
#116=CARTESIAN_POINT('Control Point',(-19.25,7.04893608994,29.5)) ;
#117=CARTESIAN_POINT('Control Point',(-19.25,7.04893608994,29.5418598677)) ;
#118=CARTESIAN_POINT('Control Point',(-19.2514602071,7.04494839788,29.5837194443)) ;
#119=CARTESIAN_POINT('Control Point',(-19.2543813887,7.03697147447,29.6249643132)) ;
#120=CARTESIAN_POINT('Control Point',(-19.2706060261,6.99255662892,29.7793866236)) ;
#121=CARTESIAN_POINT('Control Point',(-19.3032628314,6.90234945293,29.9142789251)) ;
#122=CARTESIAN_POINT('Control Point',(-19.3325681516,6.82013026854,30.0012451533)) ;
#123=CARTESIAN_POINT('Control Point',(-19.4237145205,6.55929582851,30.2250363618)) ;
#124=CARTESIAN_POINT('Control Point',(-19.525789017,6.25040168756,30.3769567984)) ;
#125=CARTESIAN_POINT('Control Point',(-19.5916032952,6.04106059019,30.4603932187)) ;
#126=CARTESIAN_POINT('Control Point',(-19.748342004,5.51786148901,30.6293635359)) ;
#127=CARTESIAN_POINT('Control Point',(-19.891589106,4.97398183117,30.7357852118)) ;
#128=CARTESIAN_POINT('Control Point',(-19.9689649528,4.6537244185,30.7847584775)) ;
#129=CARTESIAN_POINT('Control Point',(-20.0407373891,4.32788751248,30.8236931122)) ;
#130=CARTESIAN_POINT('Control Point',(-20.1059692629,3.99999999994,30.854704547)) ;
#142=CARTESIAN_POINT('Axis2P3D Location',(-14.419020366,11.5905932413,0.)) ;
#147=CARTESIAN_POINT('Axis2P3D Location',(-14.419020366,11.5905932413,33.)) ;
#151=CARTESIAN_POINT('Vertex',(-13.0048068036,13.0048068036,33.)) ;
#154=CARTESIAN_POINT('Line Origine',(-13.0048068036,13.0048068036,0.)) ;
#158=CARTESIAN_POINT('Vertex',(-13.0048068036,13.0048068036,23.661677878)) ;
#162=CARTESIAN_POINT('Control Point',(-13.0048068036,13.0048068036,23.661677878)) ;
#163=CARTESIAN_POINT('Control Point',(-13.2352816647,13.2352816647,23.5350054984)) ;
#164=CARTESIAN_POINT('Control Point',(-13.5179958041,13.4240943896,23.427578039)) ;
#165=CARTESIAN_POINT('Control Point',(-13.8480394126,13.5566434897,23.3498772311)) ;
#166=CARTESIAN_POINT('Control Point',(-14.5229606168,13.6568478317,23.291604231)) ;
#167=CARTESIAN_POINT('Control Point',(-15.1734004363,13.4829290191,23.3928070937)) ;
#168=CARTESIAN_POINT('Control Point',(-15.4532778348,13.3419900684,23.4744184378)) ;
#169=CARTESIAN_POINT('Control Point',(-15.6936729255,13.1591278104,23.5774717508)) ;
#170=CARTESIAN_POINT('Control Point',(-15.8910817798,12.9444895423,23.694729171)) ;
#171=CARTESIAN_POINT('Vertex',(-15.8910817798,12.9444895423,23.694729171)) ;
#175=CARTESIAN_POINT('Control Point',(-15.8910817798,12.9444895423,23.694729171)) ;
#176=CARTESIAN_POINT('Control Point',(-15.9212083949,12.9117335421,23.7126238555)) ;
#177=CARTESIAN_POINT('Control Point',(-15.9501408855,12.8780805801,23.73092022)) ;
#178=CARTESIAN_POINT('Control Point',(-15.9778333786,12.8436303484,23.7495507215)) ;
#188=CARTESIAN_POINT('Axis2P3D Location',(0.,0.,0.)) ;
#193=CARTESIAN_POINT('Line Origine',(0.,12.9444895423,23.694729171)) ;
#197=CARTESIAN_POINT('Vertex',(-26.,12.9444895423,23.694729171)) ;
#200=CARTESIAN_POINT('Axis2P3D Location',(-26.,0.,0.)) ;
#204=CARTESIAN_POINT('Vertex',(-26.,4.,26.7020598456)) ;
#207=CARTESIAN_POINT('Line Origine',(0.,4.,26.7020598456)) ;
#220=CARTESIAN_POINT('Axis2P3D Location',(-26.,0.,27.)) ;
#225=CARTESIAN_POINT('Line Origine',(-26.,-4.,31.5)) ;
#229=CARTESIAN_POINT('Vertex',(-26.,-4.,33.)) ;
#231=CARTESIAN_POINT('Vertex',(-26.,-4.,30.)) ;
#234=CARTESIAN_POINT('Line Origine',(-26.,0.,33.)) ;
#238=CARTESIAN_POINT('Vertex',(-26.,4.,33.)) ;
#241=CARTESIAN_POINT('Line Origine',(-26.,4.,31.5)) ;
#245=CARTESIAN_POINT('Vertex',(-26.,4.,30.)) ;
#248=CARTESIAN_POINT('Line Origine',(-26.,2.6645352591E-015,30.)) ;
#260=CARTESIAN_POINT('Axis2P3D Location',(-26.,0.,0.)) ;
#264=CARTESIAN_POINT('Vertex',(-26.,-4.,-26.7020598456)) ;
#266=CARTESIAN_POINT('Vertex',(-26.,-12.9444895423,-23.694729171)) ;
#269=CARTESIAN_POINT('Axis2P3D Location',(-26.,0.,0.)) ;
#273=CARTESIAN_POINT('Vertex',(-26.,-4.,26.7020598456)) ;
#276=CARTESIAN_POINT('Line Origine',(-26.,-4.,28.3510299228)) ;
#281=CARTESIAN_POINT('Line Origine',(-26.,-14.5,30.)) ;
#285=CARTESIAN_POINT('Vertex',(-26.,-25.,30.)) ;
#288=CARTESIAN_POINT('Axis2P3D Location',(-26.,-25.,25.)) ;
#292=CARTESIAN_POINT('Vertex',(-26.,-30.,25.)) ;
#295=CARTESIAN_POINT('Line Origine',(-26.,-30.,0.)) ;
#299=CARTESIAN_POINT('Vertex',(-26.,-30.,-25.)) ;
#302=CARTESIAN_POINT('Axis2P3D Location',(-26.,-25.,-25.)) ;
#306=CARTESIAN_POINT('Vertex',(-26.,-25.,-30.)) ;
#309=CARTESIAN_POINT('Line Origine',(-26.,-14.5,-30.)) ;
#313=CARTESIAN_POINT('Vertex',(-26.,-4.,-30.)) ;
#316=CARTESIAN_POINT('Line Origine',(-26.,-4.,-28.3510299228)) ;
#332=CARTESIAN_POINT('Axis2P3D Location',(-26.,-25.,25.)) ;
#336=CARTESIAN_POINT('Vertex',(-26.,-22.5,25.)) ;
#338=CARTESIAN_POINT('Vertex',(-26.,-27.5,25.)) ;
#341=CARTESIAN_POINT('Axis2P3D Location',(-26.,-25.,25.)) ;
#350=CARTESIAN_POINT('Axis2P3D Location',(-26.,-25.,-25.)) ;
#354=CARTESIAN_POINT('Vertex',(-26.,-22.5,-25.)) ;
#356=CARTESIAN_POINT('Vertex',(-26.,-27.5,-25.)) ;
#359=CARTESIAN_POINT('Axis2P3D Location',(-26.,-25.,-25.)) ;
#369=CARTESIAN_POINT('Line Origine',(0.,-12.9444895423,-23.694729171)) ;
#373=CARTESIAN_POINT('Vertex',(26.,-12.9444895423,-23.694729171)) ;
#376=CARTESIAN_POINT('Axis2P3D Location',(26.,0.,0.)) ;
#380=CARTESIAN_POINT('Vertex',(26.,12.9444895423,23.694729171)) ;
#383=CARTESIAN_POINT('Line Origine',(0.,12.9444895423,23.694729171)) ;
#387=CARTESIAN_POINT('Vertex',(15.8910817798,12.9444895423,23.694729171)) ;
#391=CARTESIAN_POINT('Control Point',(15.8910817798,12.9444895423,23.694729171)) ;
#392=CARTESIAN_POINT('Control Point',(15.9212083949,12.9117335421,23.7126238555)) ;
#393=CARTESIAN_POINT('Control Point',(15.9501408855,12.8780805801,23.73092022)) ;
#394=CARTESIAN_POINT('Control Point',(15.9778333786,12.8436303484,23.7495507215)) ;
#395=CARTESIAN_POINT('Vertex',(15.9778333786,12.8436303484,23.7495507215)) ;
#399=CARTESIAN_POINT('Control Point',(15.9778333786,12.8436303484,23.7495507215)) ;
#400=CARTESIAN_POINT('Control Point',(17.4666000162,10.9915632435,24.7511387328)) ;
#401=CARTESIAN_POINT('Control Point',(18.7001686395,8.87666688044,25.6489724223)) ;
#402=CARTESIAN_POINT('Control Point',(19.6081501665,6.50228386253,26.3272147772)) ;
#403=CARTESIAN_POINT('Control Point',(20.1059692629,4.,26.7020598456)) ;
#404=CARTESIAN_POINT('Vertex',(20.1059692629,4.,26.7020598456)) ;
#408=CARTESIAN_POINT('Control Point',(20.1059692629,-4.,26.7020598456)) ;
#409=CARTESIAN_POINT('Control Point',(20.4960535375,-2.03924439109,26.9957833442)) ;
#410=CARTESIAN_POINT('Control Point',(20.6365989042,-0.000507057797682,27.1049301932)) ;
#411=CARTESIAN_POINT('Control Point',(20.4960535375,2.03924439109,26.9957833442)) ;
#412=CARTESIAN_POINT('Control Point',(20.1059692629,4.,26.7020598456)) ;
#413=CARTESIAN_POINT('Vertex',(20.1059692629,-4.,26.7020598456)) ;
#416=CARTESIAN_POINT('Line Origine',(0.,-4.,26.7020598456)) ;
#420=CARTESIAN_POINT('Vertex',(12.3693168769,-4.,26.7020598456)) ;
#424=CARTESIAN_POINT('Control Point',(10.3359633721,7.88465986398,25.8230931306)) ;
#425=CARTESIAN_POINT('Control Point',(11.827752848,5.92908008654,26.4201974861)) ;
#426=CARTESIAN_POINT('Control Point',(12.873204466,3.60894702001,26.9300221071)) ;
#427=CARTESIAN_POINT('Control Point',(13.3530119275,0.990829071876,27.1810987128)) ;
#428=CARTESIAN_POINT('Control Point',(13.1403120501,-1.61582909804,27.0592114535)) ;
#429=CARTESIAN_POINT('Control Point',(12.3693168769,-4.,26.7020598456)) ;
#430=CARTESIAN_POINT('Vertex',(10.3359633721,7.88465986398,25.8230931306)) ;
#434=CARTESIAN_POINT('Control Point',(10.5118980208,10.5118980208,24.8696602309)) ;
#435=CARTESIAN_POINT('Control Point',(9.99881915037,9.99881915037,25.0865282023)) ;
#436=CARTESIAN_POINT('Control Point',(9.74905600359,9.2580762287,25.3843390464)) ;
#437=CARTESIAN_POINT('Control Point',(9.88960481462,8.46978918857,25.6444334449)) ;
#438=CARTESIAN_POINT('Control Point',(10.3359633721,7.88465986398,25.8230931306)) ;
#439=CARTESIAN_POINT('Vertex',(10.5118980208,10.5118980208,24.8696602309)) ;
#443=CARTESIAN_POINT('Control Point',(12.9444895423,12.9444895423,23.694729171)) ;
#444=CARTESIAN_POINT('Control Point',(12.1449989649,12.1449989649,24.1314928641)) ;
#445=CARTESIAN_POINT('Control Point',(11.333073563,11.333073563,24.5225660818)) ;
#446=CARTESIAN_POINT('Control Point',(10.5118980208,10.5118980208,24.8696602309)) ;
#447=CARTESIAN_POINT('Vertex',(12.9444895423,12.9444895423,23.694729171)) ;
#450=CARTESIAN_POINT('Line Origine',(0.,12.9444895423,23.694729171)) ;
#454=CARTESIAN_POINT('Vertex',(-12.9444895423,12.9444895423,23.694729171)) ;
#458=CARTESIAN_POINT('Control Point',(-12.9444895423,12.9444895423,23.694729171)) ;
#459=CARTESIAN_POINT('Control Point',(-12.1449989649,12.1449989649,24.1314928641)) ;
#460=CARTESIAN_POINT('Control Point',(-11.333073563,11.333073563,24.5225660818)) ;
#461=CARTESIAN_POINT('Control Point',(-10.5118980208,10.5118980208,24.8696602309)) ;
#462=CARTESIAN_POINT('Vertex',(-10.5118980208,10.5118980208,24.8696602309)) ;
#466=CARTESIAN_POINT('Control Point',(-10.5118980208,10.5118980208,24.8696602309)) ;
#467=CARTESIAN_POINT('Control Point',(-9.99881915032,9.99881915032,25.0865282023)) ;
#468=CARTESIAN_POINT('Control Point',(-9.74905600371,9.25807622902,25.3843390463)) ;
#469=CARTESIAN_POINT('Control Point',(-9.88960481458,8.46978918863,25.6444334449)) ;
#470=CARTESIAN_POINT('Control Point',(-10.3359633721,7.88465986398,25.8230931306)) ;
#471=CARTESIAN_POINT('Vertex',(-10.3359633721,7.88465986398,25.8230931306)) ;
#475=CARTESIAN_POINT('Control Point',(-10.3359633721,7.88465986398,25.8230931306)) ;
#476=CARTESIAN_POINT('Control Point',(-11.8277528481,5.92908008646,26.4201974861)) ;
#477=CARTESIAN_POINT('Control Point',(-12.8732044661,3.60894701991,26.9300221071)) ;
#478=CARTESIAN_POINT('Control Point',(-13.3530119274,0.990829071643,27.1810987127)) ;
#479=CARTESIAN_POINT('Control Point',(-13.1403120501,-1.61582909796,27.0592114535)) ;
#480=CARTESIAN_POINT('Control Point',(-12.3693168769,-4.,26.7020598456)) ;
#481=CARTESIAN_POINT('Vertex',(-12.3693168769,-4.,26.7020598456)) ;
#484=CARTESIAN_POINT('Line Origine',(0.,-4.,26.7020598456)) ;
#508=CARTESIAN_POINT('Control Point',(9.5,-1.15463194561E-014,27.)) ;
#509=CARTESIAN_POINT('Control Point',(9.5,1.81016512487,27.)) ;
#510=CARTESIAN_POINT('Control Point',(9.06885555536,3.62032864517,26.8483010287)) ;
#511=CARTESIAN_POINT('Control Point',(8.20934996408,5.26778080796,26.5443464403)) ;
#512=CARTESIAN_POINT('Control Point',(6.10632582768,7.7014974227,25.9221834729)) ;
#513=CARTESIAN_POINT('Control Point',(3.22219342991,9.09538099853,25.4304405438)) ;
#514=CARTESIAN_POINT('Control Point',(1.86478832843,9.47155474034,25.2831988586)) ;
#515=CARTESIAN_POINT('Control Point',(-0.722736263219,9.6875502994,25.2042521856)) ;
#516=CARTESIAN_POINT('Control Point',(-3.21717761469,9.053738333,25.4397059467)) ;
#517=CARTESIAN_POINT('Control Point',(-4.2991506056,8.5901861845,25.607178217)) ;
#518=CARTESIAN_POINT('Control Point',(-6.69158924718,7.1033898263,26.0900686427)) ;
#519=CARTESIAN_POINT('Control Point',(-8.41711816667,4.84719807806,26.6180726465)) ;
#520=CARTESIAN_POINT('Control Point',(-9.13871215024,3.31408233455,26.872880201)) ;
#521=CARTESIAN_POINT('Control Point',(-9.5,1.65704183956,27.)) ;
#522=CARTESIAN_POINT('Control Point',(-9.5,8.34887714518E-014,27.)) ;
#523=CARTESIAN_POINT('Vertex',(9.5,0.,27.)) ;
#525=CARTESIAN_POINT('Vertex',(-9.5,5.38222352971E-015,27.)) ;
#529=CARTESIAN_POINT('Control Point',(-9.5,3.5527136788E-014,27.)) ;
#530=CARTESIAN_POINT('Control Point',(-9.5,-1.81016512506,27.)) ;
#531=CARTESIAN_POINT('Control Point',(-9.0688555553,-3.62032864557,26.8483010287)) ;
#532=CARTESIAN_POINT('Control Point',(-8.20934996415,-5.26778080795,26.5443464403)) ;
#533=CARTESIAN_POINT('Control Point',(-6.10632582758,-7.70149742284,25.9221834729)) ;
#534=CARTESIAN_POINT('Control Point',(-3.22219342958,-9.09538099864,25.4304405437)) ;
#535=CARTESIAN_POINT('Control Point',(-1.86478832812,-9.47155474037,25.2831988586)) ;
#536=CARTESIAN_POINT('Control Point',(0.722736263598,-9.6875502994,25.2042521856)) ;
#537=CARTESIAN_POINT('Control Point',(3.21717761506,-9.05373833285,25.4397059468)) ;
#538=CARTESIAN_POINT('Control Point',(4.29915060582,-8.59018618437,25.6071782171)) ;
#539=CARTESIAN_POINT('Control Point',(6.6915892474,-7.10338982613,26.0900686427)) ;
#540=CARTESIAN_POINT('Control Point',(8.41711816676,-4.84719807778,26.6180726465)) ;
#541=CARTESIAN_POINT('Control Point',(9.13871215032,-3.31408233448,26.872880201)) ;
#542=CARTESIAN_POINT('Control Point',(9.5,-1.65704183953,27.)) ;
#543=CARTESIAN_POINT('Control Point',(9.5,3.62253277169E-014,27.)) ;
#550=CARTESIAN_POINT('Axis2P3D Location',(-10.5118980208,10.5118980208,33.)) ;
#556=CARTESIAN_POINT('Control Point',(-13.0048068036,13.0048068036,23.661677878)) ;
#557=CARTESIAN_POINT('Control Point',(-12.9927481174,12.9927481174,23.6683055096)) ;
#558=CARTESIAN_POINT('Control Point',(-12.980687043,12.980687043,23.6749244514)) ;
#559=CARTESIAN_POINT('Control Point',(-12.9686235805,12.9686235805,23.6815347096)) ;
#560=CARTESIAN_POINT('Control Point',(-12.956557747,12.956557747,23.6881362808)) ;
#561=CARTESIAN_POINT('Control Point',(-12.9444895423,12.9444895423,23.694729171)) ;
#563=CARTESIAN_POINT('Line Origine',(-11.7583524122,11.7583524122,33.)) ;
#567=CARTESIAN_POINT('Vertex',(-10.5118980208,10.5118980208,33.)) ;
#570=CARTESIAN_POINT('Line Origine',(-10.5118980208,10.5118980208,28.9348301154)) ;
#583=CARTESIAN_POINT('Axis2P3D Location',(-26.,0.,0.)) ;
#587=CARTESIAN_POINT('Vertex',(-26.,4.,-26.7020598456)) ;
#591=CARTESIAN_POINT('Control Point',(13.0048068036,13.0048068036,23.661677878)) ;
#592=CARTESIAN_POINT('Control Point',(12.9847089932,12.9847089932,23.6727239307)) ;
#593=CARTESIAN_POINT('Control Point',(12.9646032168,12.9646032168,23.6837410206)) ;
#594=CARTESIAN_POINT('Control Point',(12.9444895423,12.9444895423,23.694729171)) ;
#595=CARTESIAN_POINT('Vertex',(13.0048068036,13.0048068036,23.661677878)) ;
#599=CARTESIAN_POINT('Control Point',(13.0048068036,13.0048068036,23.661677878)) ;
#600=CARTESIAN_POINT('Control Point',(13.2352816647,13.2352816647,23.5350054984)) ;
#601=CARTESIAN_POINT('Control Point',(13.5179952047,13.4240934009,23.4275779585)) ;
#602=CARTESIAN_POINT('Control Point',(13.8480380717,13.5566436488,23.3498772464)) ;
#603=CARTESIAN_POINT('Control Point',(14.5229618222,13.6568476887,23.2916042173)) ;
#604=CARTESIAN_POINT('Control Point',(15.173399353,13.4829291476,23.3928071061)) ;
#605=CARTESIAN_POINT('Control Point',(15.453278287,13.3419892685,23.4744183744)) ;
#606=CARTESIAN_POINT('Control Point',(15.6936729255,13.1591278104,23.5774717508)) ;
#607=CARTESIAN_POINT('Control Point',(15.8910817798,12.9444895423,23.694729171)) ;
#609=CARTESIAN_POINT('Axis2P3D Location',(26.,0.,0.)) ;
#614=CARTESIAN_POINT('Line Origine',(0.,-4.,-26.7020598456)) ;
#618=CARTESIAN_POINT('Vertex',(-12.3693168769,-4.,-26.7020598456)) ;
#622=CARTESIAN_POINT('Control Point',(-10.3359633721,7.88465986398,-25.8230931306)) ;
#623=CARTESIAN_POINT('Control Point',(-11.827752848,5.92908008652,-26.4201974861)) ;
#624=CARTESIAN_POINT('Control Point',(-12.8732044661,3.60894701979,-26.9300221072)) ;
#625=CARTESIAN_POINT('Control Point',(-13.3530119274,0.990829071695,-27.1810987127)) ;
#626=CARTESIAN_POINT('Control Point',(-13.1403120501,-1.61582909803,-27.0592114535)) ;
#627=CARTESIAN_POINT('Control Point',(-12.3693168769,-4.,-26.7020598456)) ;
#628=CARTESIAN_POINT('Vertex',(-10.3359633721,7.88465986398,-25.8230931306)) ;
#632=CARTESIAN_POINT('Control Point',(-10.5118980208,10.5118980208,-24.8696602309)) ;
#633=CARTESIAN_POINT('Control Point',(-9.9988191504,9.9988191504,-25.0865282022)) ;
#634=CARTESIAN_POINT('Control Point',(-9.74905600353,9.25807622848,-25.3843390465)) ;
#635=CARTESIAN_POINT('Control Point',(-9.88960481465,8.46978918854,-25.6444334449)) ;
#636=CARTESIAN_POINT('Control Point',(-10.3359633721,7.88465986398,-25.8230931306)) ;
#637=CARTESIAN_POINT('Vertex',(-10.5118980208,10.5118980208,-24.8696602309)) ;
#641=CARTESIAN_POINT('Control Point',(-13.0048068036,13.0048068036,-23.661677878)) ;
#642=CARTESIAN_POINT('Control Point',(-12.1858490056,12.1858490056,-24.1117891506)) ;
#643=CARTESIAN_POINT('Control Point',(-11.3537327725,11.3537327725,-24.5138338554)) ;
#644=CARTESIAN_POINT('Control Point',(-10.5118980208,10.5118980208,-24.8696602309)) ;
#645=CARTESIAN_POINT('Vertex',(-13.0048068036,13.0048068036,-23.661677878)) ;
#649=CARTESIAN_POINT('Control Point',(-13.0048068036,13.0048068036,-23.661677878)) ;
#650=CARTESIAN_POINT('Control Point',(-13.2352816648,13.2352816648,-23.5350054983)) ;
#651=CARTESIAN_POINT('Control Point',(-13.5179952049,13.4240934011,-23.4275779584)) ;
#652=CARTESIAN_POINT('Control Point',(-13.8480380714,13.5566436487,-23.3498772465)) ;
#653=CARTESIAN_POINT('Control Point',(-14.5521959378,13.6611879961,-23.2890801388)) ;
#654=CARTESIAN_POINT('Control Point',(-15.2297004183,13.4673483922,-23.4018734532)) ;
#655=CARTESIAN_POINT('Control Point',(-15.5292035211,13.302039949,-23.4975153497)) ;
#656=CARTESIAN_POINT('Control Point',(-15.7797699609,13.0900267489,-23.6163008624)) ;
#657=CARTESIAN_POINT('Control Point',(-15.9778333786,12.8436303484,-23.7495507215)) ;
#658=CARTESIAN_POINT('Vertex',(-15.9778333786,12.8436303484,-23.7495507215)) ;
#662=CARTESIAN_POINT('Control Point',(-15.9778333786,12.8436303484,-23.7495507215)) ;
#663=CARTESIAN_POINT('Control Point',(-17.4666000163,10.9915632434,-24.7511387329)) ;
#664=CARTESIAN_POINT('Control Point',(-18.7001686394,8.87666688053,-25.6489724222)) ;
#665=CARTESIAN_POINT('Control Point',(-19.6081501665,6.50228386277,-26.3272147772)) ;
#666=CARTESIAN_POINT('Control Point',(-20.1059692629,4.,-26.7020598456)) ;
#667=CARTESIAN_POINT('Vertex',(-20.1059692629,4.,-26.7020598456)) ;
#670=CARTESIAN_POINT('Line Origine',(0.,4.,-26.7020598456)) ;
#696=CARTESIAN_POINT('Control Point',(-9.5,7.9936057773E-015,-27.)) ;
#697=CARTESIAN_POINT('Control Point',(-9.5,-1.81016512507,-27.)) ;
#698=CARTESIAN_POINT('Control Point',(-9.0688555553,-3.62032864558,-26.8483010287)) ;
#699=CARTESIAN_POINT('Control Point',(-8.2093499637,-5.26778080866,-26.5443464402)) ;
#700=CARTESIAN_POINT('Control Point',(-6.10632582691,-7.70149742338,-25.9221834727)) ;
#701=CARTESIAN_POINT('Control Point',(-3.22219342874,-9.09538099894,-25.4304405436)) ;
#702=CARTESIAN_POINT('Control Point',(-1.86478832738,-9.47155474053,-25.2831988585)) ;
#703=CARTESIAN_POINT('Control Point',(0.722736264309,-9.68755029934,-25.2042521857)) ;
#704=CARTESIAN_POINT('Control Point',(3.2171776157,-9.05373833262,-25.4397059468)) ;
#705=CARTESIAN_POINT('Control Point',(4.29915060666,-8.59018618396,-25.6071782172)) ;
#706=CARTESIAN_POINT('Control Point',(6.69158924785,-7.1033898256,-26.0900686429)) ;
#707=CARTESIAN_POINT('Control Point',(8.41711816698,-4.84719807739,-26.6180726466)) ;
#708=CARTESIAN_POINT('Control Point',(9.1387121504,-3.3140823341,-26.8728802011)) ;
#709=CARTESIAN_POINT('Control Point',(9.5,-1.65704183934,-27.)) ;
#710=CARTESIAN_POINT('Control Point',(9.5,8.43769498715E-015,-27.)) ;
#711=CARTESIAN_POINT('Vertex',(-9.5,5.38222352971E-015,-27.)) ;
#713=CARTESIAN_POINT('Vertex',(9.5,0.,-27.)) ;
#717=CARTESIAN_POINT('Control Point',(9.5,7.9936057773E-015,-27.)) ;
#718=CARTESIAN_POINT('Control Point',(9.5,1.81016512499,-27.)) ;
#719=CARTESIAN_POINT('Control Point',(9.0688555553,3.62032864542,-26.8483010287)) ;
#720=CARTESIAN_POINT('Control Point',(8.20934996397,5.26778080816,-26.5443464403)) ;
#721=CARTESIAN_POINT('Control Point',(6.10632582746,7.70149742292,-25.9221834728)) ;
#722=CARTESIAN_POINT('Control Point',(3.2221934295,9.09538099866,-25.4304405437)) ;
#723=CARTESIAN_POINT('Control Point',(1.86478832795,9.47155474043,-25.2831988586)) ;
#724=CARTESIAN_POINT('Control Point',(-0.722736263709,9.68755029936,-25.2042521856)) ;
#725=CARTESIAN_POINT('Control Point',(-3.21717761512,9.05373833284,-25.4397059468)) ;
#726=CARTESIAN_POINT('Control Point',(-4.29915060598,8.5901861843,-25.6071782171)) ;
#727=CARTESIAN_POINT('Control Point',(-6.69158924751,7.10338982601,-26.0900686427)) ;
#728=CARTESIAN_POINT('Control Point',(-8.41711816687,4.84719807765,-26.6180726465)) ;
#729=CARTESIAN_POINT('Control Point',(-9.13871215024,3.31408233453,-26.872880201)) ;
#730=CARTESIAN_POINT('Control Point',(-9.5,1.65704183955,-27.)) ;
#731=CARTESIAN_POINT('Control Point',(-9.5,9.32587340685E-015,-27.)) ;
#738=CARTESIAN_POINT('Control Point',(15.9778333786,12.8436303484,-23.7495507215)) ;
#739=CARTESIAN_POINT('Control Point',(17.4666000163,10.9915632435,-24.7511387328)) ;
#740=CARTESIAN_POINT('Control Point',(18.7001686395,8.87666688042,-25.6489724222)) ;
#741=CARTESIAN_POINT('Control Point',(19.6081501665,6.50228386263,-26.3272147772)) ;
#742=CARTESIAN_POINT('Control Point',(20.1059692629,4.,-26.7020598456)) ;
#743=CARTESIAN_POINT('Vertex',(15.9778333786,12.8436303484,-23.7495507215)) ;
#745=CARTESIAN_POINT('Vertex',(20.1059692629,4.,-26.7020598456)) ;
#749=CARTESIAN_POINT('Control Point',(13.0048068036,13.0048068036,-23.661677878)) ;
#750=CARTESIAN_POINT('Control Point',(13.2352816647,13.2352816647,-23.5350054984)) ;
#751=CARTESIAN_POINT('Control Point',(13.5179952047,13.424093401,-23.4275779585)) ;
#752=CARTESIAN_POINT('Control Point',(13.8480380717,13.5566436488,-23.3498772464)) ;
#753=CARTESIAN_POINT('Control Point',(14.5521959379,13.6611879961,-23.2890801389)) ;
#754=CARTESIAN_POINT('Control Point',(15.2297004183,13.4673483922,-23.4018734532)) ;
#755=CARTESIAN_POINT('Control Point',(15.5292035212,13.302039949,-23.4975153497)) ;
#756=CARTESIAN_POINT('Control Point',(15.7797699609,13.0900267488,-23.6163008625)) ;
#757=CARTESIAN_POINT('Control Point',(15.9778333786,12.8436303484,-23.7495507215)) ;
#758=CARTESIAN_POINT('Vertex',(13.0048068036,13.0048068036,-23.661677878)) ;
#762=CARTESIAN_POINT('Control Point',(13.0048068036,13.0048068036,-23.661677878)) ;
#763=CARTESIAN_POINT('Control Point',(12.1858490056,12.1858490056,-24.1117891506)) ;
#764=CARTESIAN_POINT('Control Point',(11.3537327725,11.3537327725,-24.5138338554)) ;
#765=CARTESIAN_POINT('Control Point',(10.5118980208,10.5118980208,-24.8696602309)) ;
#766=CARTESIAN_POINT('Vertex',(10.5118980208,10.5118980208,-24.8696602309)) ;
#770=CARTESIAN_POINT('Control Point',(10.5118980208,10.5118980208,-24.8696602309)) ;
#771=CARTESIAN_POINT('Control Point',(9.9988191504,9.9988191504,-25.0865282022)) ;
#772=CARTESIAN_POINT('Control Point',(9.74905600353,9.25807622846,-25.3843390465)) ;
#773=CARTESIAN_POINT('Control Point',(9.88960481465,8.46978918854,-25.6444334449)) ;
#774=CARTESIAN_POINT('Control Point',(10.3359633721,7.88465986398,-25.8230931306)) ;
#775=CARTESIAN_POINT('Vertex',(10.3359633721,7.88465986398,-25.8230931306)) ;
#779=CARTESIAN_POINT('Control Point',(10.3359633721,7.88465986398,-25.8230931306)) ;
#780=CARTESIAN_POINT('Control Point',(11.827752848,5.92908008659,-26.4201974861)) ;
#781=CARTESIAN_POINT('Control Point',(12.8732044662,3.60894701955,-26.9300221072)) ;
#782=CARTESIAN_POINT('Control Point',(13.3530119274,0.990829071854,-27.1810987127)) ;
#783=CARTESIAN_POINT('Control Point',(13.14031205,-1.61582909811,-27.0592114535)) ;
#784=CARTESIAN_POINT('Control Point',(12.3693168769,-4.,-26.7020598456)) ;
#785=CARTESIAN_POINT('Vertex',(12.3693168769,-4.,-26.7020598456)) ;
#788=CARTESIAN_POINT('Line Origine',(0.,-4.,-26.7020598456)) ;
#792=CARTESIAN_POINT('Vertex',(20.1059692629,-4.,-26.7020598456)) ;
#796=CARTESIAN_POINT('Control Point',(20.1059692629,-4.,-26.7020598456)) ;
#797=CARTESIAN_POINT('Control Point',(20.4960535375,-2.03924439122,-26.9957833441)) ;
#798=CARTESIAN_POINT('Control Point',(20.6365989042,-0.000507057655282,-27.1049301932)) ;
#799=CARTESIAN_POINT('Control Point',(20.4960535375,2.03924439122,-26.9957833441)) ;
#800=CARTESIAN_POINT('Control Point',(20.1059692629,4.,-26.7020598456)) ;
#812=CARTESIAN_POINT('Axis2P3D Location',(26.,0.,20.)) ;
#817=CARTESIAN_POINT('Line Origine',(26.,30.,0.)) ;
#821=CARTESIAN_POINT('Vertex',(26.,30.,-25.)) ;
#823=CARTESIAN_POINT('Vertex',(26.,30.,25.)) ;
#826=CARTESIAN_POINT('Axis2P3D Location',(26.,25.,-25.)) ;
#830=CARTESIAN_POINT('Vertex',(26.,25.,-30.)) ;
#833=CARTESIAN_POINT('Line Origine',(26.,0.,-30.)) ;
#837=CARTESIAN_POINT('Vertex',(26.,-25.,-30.)) ;
#840=CARTESIAN_POINT('Axis2P3D Location',(26.,-25.,-25.)) ;
#844=CARTESIAN_POINT('Vertex',(26.,-30.,-25.)) ;
#847=CARTESIAN_POINT('Line Origine',(26.,-30.,0.)) ;
#851=CARTESIAN_POINT('Vertex',(26.,-30.,25.)) ;
#854=CARTESIAN_POINT('Axis2P3D Location',(26.,-25.,25.)) ;
#858=CARTESIAN_POINT('Vertex',(26.,-25.,30.)) ;
#861=CARTESIAN_POINT('Line Origine',(26.,0.,30.)) ;
#865=CARTESIAN_POINT('Vertex',(26.,25.,30.)) ;
#868=CARTESIAN_POINT('Axis2P3D Location',(26.,25.,25.)) ;
#887=CARTESIAN_POINT('Axis2P3D Location',(26.,-25.,25.)) ;
#891=CARTESIAN_POINT('Vertex',(26.,-22.5,25.)) ;
#893=CARTESIAN_POINT('Vertex',(26.,-27.5,25.)) ;
#896=CARTESIAN_POINT('Axis2P3D Location',(26.,-25.,25.)) ;
#905=CARTESIAN_POINT('Axis2P3D Location',(26.,25.,25.)) ;
#909=CARTESIAN_POINT('Vertex',(26.,22.5,25.)) ;
#911=CARTESIAN_POINT('Vertex',(26.,27.5,25.)) ;
#914=CARTESIAN_POINT('Axis2P3D Location',(26.,25.,25.)) ;
#923=CARTESIAN_POINT('Axis2P3D Location',(26.,-25.,-25.)) ;
#927=CARTESIAN_POINT('Vertex',(26.,-22.5,-25.)) ;
#929=CARTESIAN_POINT('Vertex',(26.,-27.5,-25.)) ;
#932=CARTESIAN_POINT('Axis2P3D Location',(26.,-25.,-25.)) ;
#941=CARTESIAN_POINT('Axis2P3D Location',(26.,25.,-25.)) ;
#945=CARTESIAN_POINT('Vertex',(26.,22.5,-25.)) ;
#947=CARTESIAN_POINT('Vertex',(26.,27.5,-25.)) ;
#950=CARTESIAN_POINT('Axis2P3D Location',(26.,25.,-25.)) ;
#960=CARTESIAN_POINT('Axis2P3D Location',(14.419020366,11.5905932413,0.)) ;
#965=CARTESIAN_POINT('Line Origine',(13.0048068036,13.0048068036,0.)) ;
#969=CARTESIAN_POINT('Vertex',(13.0048068036,13.0048068036,33.)) ;
#972=CARTESIAN_POINT('Axis2P3D Location',(14.419020366,11.5905932413,33.)) ;
#976=CARTESIAN_POINT('Vertex',(15.9778333786,12.8436303484,33.)) ;
#979=CARTESIAN_POINT('Line Origine',(15.9778333786,12.8436303484,0.)) ;
#992=CARTESIAN_POINT('Axis2P3D Location',(0.,0.,33.)) ;
#996=CARTESIAN_POINT('Vertex',(20.1059692629,4.,33.)) ;
#999=CARTESIAN_POINT('Line Origine',(20.1059692629,4.,0.)) ;
#1011=CARTESIAN_POINT('Axis2P3D Location',(-12.3693168769,-4.,33.)) ;
#1016=CARTESIAN_POINT('Line Origine',(20.1059692629,-4.,29.8510299228)) ;
#1020=CARTESIAN_POINT('Vertex',(20.1059692629,-4.,33.)) ;
#1023=CARTESIAN_POINT('Line Origine',(16.2376430699,-4.,33.)) ;
#1027=CARTESIAN_POINT('Vertex',(12.3693168769,-4.,33.)) ;
#1030=CARTESIAN_POINT('Line Origine',(12.3693168769,-4.,29.8510299228)) ;
#1042=CARTESIAN_POINT('Axis2P3D Location',(-11.9261115832,9.09768445844,0.)) ;
#1047=CARTESIAN_POINT('Axis2P3D Location',(-11.9261115832,9.09768445844,33.)) ;
#1051=CARTESIAN_POINT('Vertex',(-10.3359633721,7.88465986398,33.)) ;
#1054=CARTESIAN_POINT('Line Origine',(-10.3359633721,7.88465986398,0.)) ;
#1066=CARTESIAN_POINT('Line Origine',(-13.0048068036,13.0048068036,0.)) ;
#1070=CARTESIAN_POINT('Vertex',(-13.0048068036,13.0048068036,-33.)) ;
#1073=CARTESIAN_POINT('Axis2P3D Location',(-14.419020366,11.5905932413,-33.)) ;
#1077=CARTESIAN_POINT('Vertex',(-15.9778333786,12.8436303484,-33.)) ;
#1080=CARTESIAN_POINT('Line Origine',(-15.9778333786,12.8436303484,0.)) ;
#1092=CARTESIAN_POINT('Line Origine',(-20.1059692629,4.,0.)) ;
#1096=CARTESIAN_POINT('Vertex',(-20.1059692629,4.,-28.145295453)) ;
#1099=CARTESIAN_POINT('Axis2P3D Location',(0.,0.,-33.)) ;
#1103=CARTESIAN_POINT('Vertex',(-20.1059692629,4.,-33.)) ;
#1106=CARTESIAN_POINT('Line Origine',(-20.1059692629,4.,0.)) ;
#1110=CARTESIAN_POINT('Vertex',(-20.1059692629,4.,-30.854704547)) ;
#1114=CARTESIAN_POINT('Control Point',(-19.25,7.04893608994,-29.5)) ;
#1115=CARTESIAN_POINT('Control Point',(-19.25,7.04893608994,-29.5418598677)) ;
#1116=CARTESIAN_POINT('Control Point',(-19.2514602071,7.04494839788,-29.5837194443)) ;
#1117=CARTESIAN_POINT('Control Point',(-19.2543813887,7.03697147447,-29.6249643132)) ;
#1118=CARTESIAN_POINT('Control Point',(-19.2706060261,6.99255662891,-29.7793866236)) ;
#1119=CARTESIAN_POINT('Control Point',(-19.3032628314,6.90234945292,-29.9142789251)) ;
#1120=CARTESIAN_POINT('Control Point',(-19.3325681516,6.82013026854,-30.0012451533)) ;
#1121=CARTESIAN_POINT('Control Point',(-19.4237145205,6.5592958285,-30.2250363618)) ;
#1122=CARTESIAN_POINT('Control Point',(-19.525789017,6.25040168755,-30.3769567985)) ;
#1123=CARTESIAN_POINT('Control Point',(-19.5916032952,6.04106059017,-30.4603932187)) ;
#1124=CARTESIAN_POINT('Control Point',(-19.748342004,5.51786148899,-30.6293635359)) ;
#1125=CARTESIAN_POINT('Control Point',(-19.891589106,4.97398183116,-30.7357852118)) ;
#1126=CARTESIAN_POINT('Control Point',(-19.9689649528,4.65372441848,-30.7847584775)) ;
#1127=CARTESIAN_POINT('Control Point',(-20.0407373891,4.32788751247,-30.8236931122)) ;
#1128=CARTESIAN_POINT('Control Point',(-20.1059692629,3.99999999994,-30.854704547)) ;
#1129=CARTESIAN_POINT('Vertex',(-19.25,7.04893608994,-29.5)) ;
#1133=CARTESIAN_POINT('Control Point',(-19.25,7.04893608994,-29.5)) ;
#1134=CARTESIAN_POINT('Control Point',(-19.25,7.04893608994,-29.4581401323)) ;
#1135=CARTESIAN_POINT('Control Point',(-19.2514602071,7.04494839788,-29.4162805557)) ;
#1136=CARTESIAN_POINT('Control Point',(-19.2543813887,7.03697147447,-29.3750356868)) ;
#1137=CARTESIAN_POINT('Control Point',(-19.2706060261,6.99255662891,-29.2206133764)) ;
#1138=CARTESIAN_POINT('Control Point',(-19.3032628314,6.90234945293,-29.0857210749)) ;
#1139=CARTESIAN_POINT('Control Point',(-19.3325681516,6.82013026855,-28.9987548467)) ;
#1140=CARTESIAN_POINT('Control Point',(-19.4237145205,6.55929582851,-28.7749636382)) ;
#1141=CARTESIAN_POINT('Control Point',(-19.525789017,6.25040168756,-28.6230432015)) ;
#1142=CARTESIAN_POINT('Control Point',(-19.5916032952,6.04106059019,-28.5396067813)) ;
#1143=CARTESIAN_POINT('Control Point',(-19.748342004,5.51786148901,-28.3706364641)) ;
#1144=CARTESIAN_POINT('Control Point',(-19.891589106,4.97398183117,-28.2642147882)) ;
#1145=CARTESIAN_POINT('Control Point',(-19.9689649528,4.65372441849,-28.2152415225)) ;
#1146=CARTESIAN_POINT('Control Point',(-20.0407373891,4.32788751248,-28.1763068878)) ;
#1147=CARTESIAN_POINT('Control Point',(-20.1059692629,3.99999999994,-28.145295453)) ;
#1159=CARTESIAN_POINT('Axis2P3D Location',(0.,0.,0.)) ;
#1164=CARTESIAN_POINT('Line Origine',(-9.5,5.38222352971E-015,0.)) ;
#1168=CARTESIAN_POINT('Vertex',(-9.5,1.16337603613E-015,-33.)) ;
#1171=CARTESIAN_POINT('Axis2P3D Location',(0.,0.,-33.)) ;
#1175=CARTESIAN_POINT('Vertex',(9.5,0.,-33.)) ;
#1178=CARTESIAN_POINT('Line Origine',(9.5,-1.07644470594E-014,0.)) ;
#1190=CARTESIAN_POINT('Axis2P3D Location',(0.,0.,-33.)) ;
#1202=CARTESIAN_POINT('Axis2P3D Location',(10.5118980208,10.5118980208,33.)) ;
#1207=CARTESIAN_POINT('Line Origine',(13.0048068036,13.0048068036,-28.330838939)) ;
#1211=CARTESIAN_POINT('Vertex',(13.0048068036,13.0048068036,-33.)) ;
#1214=CARTESIAN_POINT('Line Origine',(11.7583524122,11.7583524122,-33.)) ;
#1218=CARTESIAN_POINT('Vertex',(10.5118980208,10.5118980208,-33.)) ;
#1221=CARTESIAN_POINT('Line Origine',(10.5118980208,10.5118980208,-28.9348301154)) ;
#1233=CARTESIAN_POINT('Axis2P3D Location',(11.9261115832,9.09768445844,0.)) ;
#1238=CARTESIAN_POINT('Axis2P3D Location',(11.9261115832,9.09768445844,-33.)) ;
#1242=CARTESIAN_POINT('Vertex',(10.3359633721,7.88465986398,-33.)) ;
#1245=CARTESIAN_POINT('Line Origine',(10.3359633721,7.88465986398,0.)) ;
#1257=CARTESIAN_POINT('Axis2P3D Location',(0.,0.,0.)) ;
#1262=CARTESIAN_POINT('Axis2P3D Location',(0.,0.,-33.)) ;
#1266=CARTESIAN_POINT('Vertex',(12.3693168769,-4.,-33.)) ;
#1269=CARTESIAN_POINT('Line Origine',(12.3693168769,-4.,0.)) ;
#1281=CARTESIAN_POINT('Axis2P3D Location',(0.,0.,0.)) ;
#1286=CARTESIAN_POINT('Line Origine',(20.1059692629,-4.,0.)) ;
#1290=CARTESIAN_POINT('Vertex',(20.1059692629,-4.,-33.)) ;
#1293=CARTESIAN_POINT('Axis2P3D Location',(0.,0.,-33.)) ;
#1297=CARTESIAN_POINT('Vertex',(20.1059692629,4.,-33.)) ;
#1300=CARTESIAN_POINT('Line Origine',(20.1059692629,4.,0.)) ;
#1312=CARTESIAN_POINT('Axis2P3D Location',(29.5,25.,25.)) ;
#1317=CARTESIAN_POINT('Line Origine',(0.,25.,30.)) ;
#1321=CARTESIAN_POINT('Vertex',(-26.,25.,30.)) ;
#1323=CARTESIAN_POINT('Vertex',(-33.,25.,30.)) ;
#1326=CARTESIAN_POINT('Axis2P3D Location',(-26.,25.,25.)) ;
#1330=CARTESIAN_POINT('Vertex',(-26.,30.,25.)) ;
#1333=CARTESIAN_POINT('Line Origine',(0.,30.,25.)) ;
#1337=CARTESIAN_POINT('Vertex',(-33.,30.,25.)) ;
#1340=CARTESIAN_POINT('Axis2P3D Location',(-33.,25.,25.)) ;
#1352=CARTESIAN_POINT('Axis2P3D Location',(26.,30.,25.)) ;
#1357=CARTESIAN_POINT('Line Origine',(-26.,30.,-7.1054273576E-015)) ;
#1361=CARTESIAN_POINT('Vertex',(-26.,30.,-25.)) ;
#1364=CARTESIAN_POINT('Line Origine',(-29.5,30.,-25.)) ;
#1368=CARTESIAN_POINT('Vertex',(-33.,30.,-25.)) ;
#1371=CARTESIAN_POINT('Line Origine',(-33.,30.,-7.1054273576E-015)) ;
#1383=CARTESIAN_POINT('Axis2P3D Location',(-29.5,25.,-25.)) ;
#1388=CARTESIAN_POINT('Axis2P3D Location',(-26.,25.,-25.)) ;
#1392=CARTESIAN_POINT('Vertex',(-26.,25.,-30.)) ;
#1395=CARTESIAN_POINT('Line Origine',(-29.5,25.,-30.)) ;
#1399=CARTESIAN_POINT('Vertex',(-33.,25.,-30.)) ;
#1402=CARTESIAN_POINT('Axis2P3D Location',(-33.,25.,-25.)) ;
#1414=CARTESIAN_POINT('Axis2P3D Location',(29.5,0.,0.)) ;
#1419=CARTESIAN_POINT('Line Origine',(-0.66000000051,-9.58851077208,-17.5516512378)) ;
#1423=CARTESIAN_POINT('Vertex',(26.,-9.58851077208,-17.5516512378)) ;
#1425=CARTESIAN_POINT('Vertex',(-26.,-9.58851077208,-17.5516512378)) ;
#1428=CARTESIAN_POINT('Axis2P3D Location',(26.,0.,0.)) ;
#1432=CARTESIAN_POINT('Vertex',(26.,20.,4.89842541529E-015)) ;
#1435=CARTESIAN_POINT('Line Origine',(-0.66000000051,20.,-4.89842541529E-015)) ;
#1439=CARTESIAN_POINT('Vertex',(-33.,20.,-2.26619938093E-014)) ;
#1442=CARTESIAN_POINT('Axis2P3D Location',(-33.,0.,0.)) ;
#1446=CARTESIAN_POINT('Vertex',(-33.,-20.,2.44921270764E-015)) ;
#1449=CARTESIAN_POINT('Line Origine',(-0.66000000051,-20.,2.44921270764E-015)) ;
#1453=CARTESIAN_POINT('Vertex',(-26.,-20.,2.44921270764E-015)) ;
#1456=CARTESIAN_POINT('Axis2P3D Location',(-26.,0.,0.)) ;
#1470=CARTESIAN_POINT('Control Point',(-12.9540784861,6.97320131872,-18.7449850192)) ;
#1471=CARTESIAN_POINT('Control Point',(-12.9540784861,7.22844779733,-18.6500324183)) ;
#1472=CARTESIAN_POINT('Control Point',(-12.9947976606,7.48207749655,-18.5507354915)) ;
#1473=CARTESIAN_POINT('Control Point',(-13.075224854,7.72665753423,-18.4498442365)) ;
#1474=CARTESIAN_POINT('Control Point',(-13.3641328681,8.28720801657,-18.207846193)) ;
#1475=CARTESIAN_POINT('Control Point',(-13.8599406622,8.71256876914,-18.0052943612)) ;
#1476=CARTESIAN_POINT('Control Point',(-14.2186332107,8.89783666137,-17.9118685518)) ;
#1477=CARTESIAN_POINT('Control Point',(-14.9670672573,9.05937868228,-17.8308021752)) ;
#1478=CARTESIAN_POINT('Control Point',(-15.7029080372,8.87700066182,-17.9223301724)) ;
#1479=CARTESIAN_POINT('Control Point',(-16.0151072513,8.71831380293,-18.0017056878)) ;
#1480=CARTESIAN_POINT('Control Point',(-16.5060770045,8.32470938675,-18.1897837151)) ;
#1481=CARTESIAN_POINT('Control Point',(-16.8095727067,7.79444681761,-18.4217404282)) ;
#1482=CARTESIAN_POINT('Control Point',(-16.9054520225,7.52913236531,-18.5322704887)) ;
#1483=CARTESIAN_POINT('Control Point',(-16.9540784861,7.25213221355,-18.6412217309)) ;
#1484=CARTESIAN_POINT('Control Point',(-16.9540784861,6.97320131872,-18.7449850192)) ;
#1485=CARTESIAN_POINT('Vertex',(-12.9540784861,6.97320131872,-18.7449850192)) ;
#1487=CARTESIAN_POINT('Vertex',(-16.9540784861,6.97320131872,-18.7449850192)) ;
#1491=CARTESIAN_POINT('Control Point',(-16.9540784861,6.97320131872,-18.7449850192)) ;
#1492=CARTESIAN_POINT('Control Point',(-16.9540784861,6.47441899286,-18.9305338243)) ;
#1493=CARTESIAN_POINT('Control Point',(-16.7985884013,5.96946738173,-19.0994917631)) ;
#1494=CARTESIAN_POINT('Control Point',(-16.475753068,5.51334534308,-19.2295039039)) ;
#1495=CARTESIAN_POINT('Control Point',(-15.7955746815,5.04546860663,-19.3538418176)) ;
#1496=CARTESIAN_POINT('Control Point',(-15.0010832809,4.94848303982,-19.3780872697)) ;
#1497=CARTESIAN_POINT('Control Point',(-14.7385468287,4.95947089326,-19.375335628)) ;
#1498=CARTESIAN_POINT('Control Point',(-13.9887029574,5.11534610878,-19.3358850941)) ;
#1499=CARTESIAN_POINT('Control Point',(-13.3729948208,5.59969837022,-19.2047806705)) ;
#1500=CARTESIAN_POINT('Control Point',(-13.0906913315,6.03272964615,-19.0782508089)) ;
#1501=CARTESIAN_POINT('Control Point',(-12.9540784861,6.50567563471,-18.918906242)) ;
#1502=CARTESIAN_POINT('Control Point',(-12.9540784861,6.97320131872,-18.7449850192)) ;
#1509=CARTESIAN_POINT('Control Point',(-14.5,-3.99680288865E-015,-20.)) ;
#1510=CARTESIAN_POINT('Control Point',(-14.5,0.51210696265,-20.)) ;
#1511=CARTESIAN_POINT('Control Point',(-14.6639084632,1.02421102778,-19.9836091537)) ;
#1512=CARTESIAN_POINT('Control Point',(-14.9921292459,1.46473895452,-19.9500642095)) ;
#1513=CARTESIAN_POINT('Control Point',(-15.6571940274,1.92099630371,-19.9082188953)) ;
#1514=CARTESIAN_POINT('Control Point',(-16.4291754032,2.02377689739,-19.8972962271)) ;
#1515=CARTESIAN_POINT('Control Point',(-16.6904938401,2.01603087829,-19.8981193234)) ;
#1516=CARTESIAN_POINT('Control Point',(-17.4314021755,1.87232287278,-19.9131047029)) ;
#1517=CARTESIAN_POINT('Control Point',(-18.0523806256,1.40321987903,-19.9546393923)) ;
#1518=CARTESIAN_POINT('Control Point',(-18.3509040582,0.976836157519,-19.9850904058)) ;
#1519=CARTESIAN_POINT('Control Point',(-18.5,0.488419396594,-20.)) ;
#1520=CARTESIAN_POINT('Control Point',(-18.5,1.20570220474E-013,-20.)) ;
#1521=CARTESIAN_POINT('Vertex',(-14.5,0.,-20.)) ;
#1523=CARTESIAN_POINT('Vertex',(-18.5,1.31695327386E-013,-20.)) ;
#1527=CARTESIAN_POINT('Control Point',(-18.5,1.20348175869E-013,-20.)) ;
#1528=CARTESIAN_POINT('Control Point',(-18.5,-0.512106962525,-20.)) ;
#1529=CARTESIAN_POINT('Control Point',(-18.3360915369,-1.02421102753,-19.9836091537)) ;
#1530=CARTESIAN_POINT('Control Point',(-18.0078707539,-1.46473895467,-19.9500642095)) ;
#1531=CARTESIAN_POINT('Control Point',(-17.3428059724,-1.92099630378,-19.9082188953)) ;
#1532=CARTESIAN_POINT('Control Point',(-16.5708245966,-2.02377689741,-19.8972962271)) ;
#1533=CARTESIAN_POINT('Control Point',(-16.30950616,-2.01603087832,-19.8981193234)) ;
#1534=CARTESIAN_POINT('Control Point',(-15.5685978245,-1.87232287282,-19.9131047029)) ;
#1535=CARTESIAN_POINT('Control Point',(-14.9476193743,-1.40321987894,-19.9546393923)) ;
#1536=CARTESIAN_POINT('Control Point',(-14.6490959419,-0.976836157671,-19.9850904058)) ;
#1537=CARTESIAN_POINT('Control Point',(-14.5,-0.48841939667,-20.)) ;
#1538=CARTESIAN_POINT('Control Point',(-14.5,-2.70006239589E-013,-20.)) ;
#1545=CARTESIAN_POINT('Control Point',(16.9540784861,6.97320131872,-18.7449850192)) ;
#1546=CARTESIAN_POINT('Control Point',(16.9540784861,7.22844779733,-18.6500324183)) ;
#1547=CARTESIAN_POINT('Control Point',(16.9133593116,7.48207749656,-18.5507354915)) ;
#1548=CARTESIAN_POINT('Control Point',(16.8329321182,7.72665753423,-18.4498442365)) ;
#1549=CARTESIAN_POINT('Control Point',(16.5440241041,8.28720801659,-18.207846193)) ;
#1550=CARTESIAN_POINT('Control Point',(16.04821631,8.71256876916,-18.0052943612)) ;
#1551=CARTESIAN_POINT('Control Point',(15.6895237615,8.89783666136,-17.9118685518)) ;
#1552=CARTESIAN_POINT('Control Point',(14.9410897149,9.0593786823,-17.8308021752)) ;
#1553=CARTESIAN_POINT('Control Point',(14.2052489349,8.87700066178,-17.9223301724)) ;
#1554=CARTESIAN_POINT('Control Point',(13.893049721,8.71831380301,-18.0017056878)) ;
#1555=CARTESIAN_POINT('Control Point',(13.4020799678,8.32470938678,-18.1897837151)) ;
#1556=CARTESIAN_POINT('Control Point',(13.0985842655,7.79444681755,-18.4217404282)) ;
#1557=CARTESIAN_POINT('Control Point',(13.0027049497,7.52913236538,-18.5322704886)) ;
#1558=CARTESIAN_POINT('Control Point',(12.9540784861,7.25213221358,-18.6412217309)) ;
#1559=CARTESIAN_POINT('Control Point',(12.9540784861,6.97320131872,-18.7449850192)) ;
#1560=CARTESIAN_POINT('Vertex',(16.9540784861,6.97320131872,-18.7449850192)) ;
#1562=CARTESIAN_POINT('Vertex',(12.9540784861,6.97320131872,-18.7449850192)) ;
#1566=CARTESIAN_POINT('Control Point',(12.9540784861,6.97320131872,-18.7449850192)) ;
#1567=CARTESIAN_POINT('Control Point',(12.9540784861,6.47441899287,-18.9305338243)) ;
#1568=CARTESIAN_POINT('Control Point',(13.109568571,5.96946738175,-19.099491763)) ;
#1569=CARTESIAN_POINT('Control Point',(13.4324039043,5.51334534306,-19.2295039039)) ;
#1570=CARTESIAN_POINT('Control Point',(14.1125822907,5.04546860666,-19.3538418176)) ;
#1571=CARTESIAN_POINT('Control Point',(14.9070736912,4.94848303983,-19.3780872697)) ;
#1572=CARTESIAN_POINT('Control Point',(15.1696101436,4.95947089329,-19.3753356279)) ;
#1573=CARTESIAN_POINT('Control Point',(15.9194540149,5.11534610882,-19.3358850941)) ;
#1574=CARTESIAN_POINT('Control Point',(16.5351621514,5.59969837021,-19.2047806705)) ;
#1575=CARTESIAN_POINT('Control Point',(16.8174656407,6.03272964617,-19.0782508089)) ;
#1576=CARTESIAN_POINT('Control Point',(16.9540784861,6.50567563472,-18.918906242)) ;
#1577=CARTESIAN_POINT('Control Point',(16.9540784861,6.97320131872,-18.7449850192)) ;
#1584=CARTESIAN_POINT('Control Point',(18.5,-3.77475828373E-015,-20.)) ;
#1585=CARTESIAN_POINT('Control Point',(18.5,0.512106962622,-20.)) ;
#1586=CARTESIAN_POINT('Control Point',(18.3360915368,1.02421102772,-19.9836091537)) ;
#1587=CARTESIAN_POINT('Control Point',(18.0078707541,1.46473895455,-19.9500642095)) ;
#1588=CARTESIAN_POINT('Control Point',(17.3428059726,1.92099630372,-19.9082188953)) ;
#1589=CARTESIAN_POINT('Control Point',(16.5708245968,2.02377689739,-19.8972962271)) ;
#1590=CARTESIAN_POINT('Control Point',(16.3095061599,2.01603087829,-19.8981193234)) ;
#1591=CARTESIAN_POINT('Control Point',(15.5685978244,1.87232287276,-19.9131047029)) ;
#1592=CARTESIAN_POINT('Control Point',(14.9476193743,1.40321987894,-19.9546393923)) ;
#1593=CARTESIAN_POINT('Control Point',(14.6490959419,0.976836157661,-19.9850904058)) ;
#1594=CARTESIAN_POINT('Control Point',(14.5,0.488419396665,-20.)) ;
#1595=CARTESIAN_POINT('Control Point',(14.5,-3.77475828373E-015,-20.)) ;
#1596=CARTESIAN_POINT('Vertex',(18.5,0.,-20.)) ;
#1598=CARTESIAN_POINT('Vertex',(14.5,2.44921270764E-016,-20.)) ;
#1602=CARTESIAN_POINT('Control Point',(14.5,-3.33066907388E-015,-20.)) ;
#1603=CARTESIAN_POINT('Control Point',(14.5,-0.512106962572,-20.)) ;
#1604=CARTESIAN_POINT('Control Point',(14.6639084632,-1.02421102762,-19.9836091537)) ;
#1605=CARTESIAN_POINT('Control Point',(14.992129246,-1.46473895461,-19.9500642095)) ;
#1606=CARTESIAN_POINT('Control Point',(15.6571940276,-1.92099630378,-19.9082188953)) ;
#1607=CARTESIAN_POINT('Control Point',(16.4291754034,-2.02377689741,-19.8972962271)) ;
#1608=CARTESIAN_POINT('Control Point',(16.69049384,-2.01603087832,-19.8981193234)) ;
#1609=CARTESIAN_POINT('Control Point',(17.4314021754,-1.87232287284,-19.9131047029)) ;
#1610=CARTESIAN_POINT('Control Point',(18.0523806256,-1.40321987906,-19.9546393923)) ;
#1611=CARTESIAN_POINT('Control Point',(18.3509040582,-0.97683615747,-19.9850904058)) ;
#1612=CARTESIAN_POINT('Control Point',(18.5,-0.48841939657,-20.)) ;
#1613=CARTESIAN_POINT('Control Point',(18.5,1.37667655054E-014,-20.)) ;
#1620=CARTESIAN_POINT('Control Point',(4.,1.42108547152E-014,-20.)) ;
#1621=CARTESIAN_POINT('Control Point',(4.,0.787295557574,-20.)) ;
#1622=CARTESIAN_POINT('Control Point',(3.80630178283,1.57458940308,-19.9612603566)) ;
#1623=CARTESIAN_POINT('Control Point',(3.41922610462,2.29416450314,-19.8830689911)) ;
#1624=CARTESIAN_POINT('Control Point',(2.60361872096,3.18635032375,-19.7512405556)) ;
#1625=CARTESIAN_POINT('Control Point',(1.54519049262,3.72100620252,-19.6518152274)) ;
#1626=CARTESIAN_POINT('Control Point',(1.17145616425,3.85516946371,-19.6252433667)) ;
#1627=CARTESIAN_POINT('Control Point',(0.0819168336206,4.09974990674,-19.5758490616)) ;
#1628=CARTESIAN_POINT('Control Point',(-1.04685877898,3.96211695064,-19.6032946543)) ;
#1629=CARTESIAN_POINT('Control Point',(-1.7409135841,3.70857301509,-19.6577601819)) ;
#1630=CARTESIAN_POINT('Control Point',(-2.88575477933,2.96697400975,-19.7938189357)) ;
#1631=CARTESIAN_POINT('Control Point',(-3.63572450399,1.83654695238,-19.9269207661)) ;
#1632=CARTESIAN_POINT('Control Point',(-3.87860803516,1.24652094853,-19.975721607)) ;
#1633=CARTESIAN_POINT('Control Point',(-4.,0.623261010748,-20.)) ;
#1634=CARTESIAN_POINT('Control Point',(-4.,1.39888101103E-014,-20.)) ;
#1635=CARTESIAN_POINT('Vertex',(4.,0.,-20.)) ;
#1637=CARTESIAN_POINT('Vertex',(-4.,4.89842541529E-016,-20.)) ;
#1641=CARTESIAN_POINT('Control Point',(-4.,-2.10942374679E-014,-20.)) ;
#1642=CARTESIAN_POINT('Control Point',(-4.,-0.787295557643,-20.)) ;
#1643=CARTESIAN_POINT('Control Point',(-3.8063017828,-1.57458940322,-19.9612603566)) ;
#1644=CARTESIAN_POINT('Control Point',(-3.41922610471,-2.29416450303,-19.8830689912)) ;
#1645=CARTESIAN_POINT('Control Point',(-2.60361872103,-3.18635032371,-19.7512405556)) ;
#1646=CARTESIAN_POINT('Control Point',(-1.54519049262,-3.72100620252,-19.6518152274)) ;
#1647=CARTESIAN_POINT('Control Point',(-1.17145616426,-3.85516946371,-19.6252433667)) ;
#1648=CARTESIAN_POINT('Control Point',(-0.0819168336272,-4.09974990674,-19.5758490616)) ;
#1649=CARTESIAN_POINT('Control Point',(1.04685877898,-3.96211695064,-19.6032946543)) ;
#1650=CARTESIAN_POINT('Control Point',(1.74091358409,-3.70857301509,-19.6577601819)) ;
#1651=CARTESIAN_POINT('Control Point',(2.88575477934,-2.96697400975,-19.7938189357)) ;
#1652=CARTESIAN_POINT('Control Point',(3.63572450401,-1.83654695236,-19.9269207661)) ;
#1653=CARTESIAN_POINT('Control Point',(3.87860803515,-1.24652094856,-19.975721607)) ;
#1654=CARTESIAN_POINT('Control Point',(4.,-0.623261010763,-20.)) ;
#1655=CARTESIAN_POINT('Control Point',(4.,1.39888101103E-014,-20.)) ;
#1662=CARTESIAN_POINT('Axis2P3D Location',(33.,0.,0.)) ;
#1667=CARTESIAN_POINT('Axis2P3D Location',(33.,0.,0.)) ;
#1671=CARTESIAN_POINT('Vertex',(33.,26.,1.67246858723E-014)) ;
#1673=CARTESIAN_POINT('Vertex',(33.,-26.,-8.36234293616E-015)) ;
#1676=CARTESIAN_POINT('Axis2P3D Location',(33.,0.,0.)) ;
#1685=CARTESIAN_POINT('Axis2P3D Location',(33.,0.,0.)) ;
#1689=CARTESIAN_POINT('Vertex',(33.,-20.,2.44921270764E-015)) ;
#1691=CARTESIAN_POINT('Vertex',(33.,20.,0.)) ;
#1694=CARTESIAN_POINT('Axis2P3D Location',(33.,0.,0.)) ;
#1704=CARTESIAN_POINT('Axis2P3D Location',(32.,0.,0.)) ;
#1709=CARTESIAN_POINT('Axis2P3D Location',(31.,0.,0.)) ;
#1713=CARTESIAN_POINT('Vertex',(31.,26.,0.)) ;
#1715=CARTESIAN_POINT('Vertex',(31.,-26.,-8.36234293616E-015)) ;
#1718=CARTESIAN_POINT('Line Origine',(32.,-26.,-8.36234293616E-015)) ;
#1723=CARTESIAN_POINT('Line Origine',(32.,26.,0.)) ;
#1735=CARTESIAN_POINT('Axis2P3D Location',(31.,0.,0.)) ;
#1747=CARTESIAN_POINT('Axis2P3D Location',(-32.,0.,0.)) ;
#1752=CARTESIAN_POINT('Axis2P3D Location',(-31.,0.,0.)) ;
#1756=CARTESIAN_POINT('Vertex',(-31.,-26.,0.)) ;
#1758=CARTESIAN_POINT('Vertex',(-31.,26.,3.18397651994E-015)) ;
#1761=CARTESIAN_POINT('Line Origine',(-32.,26.,3.18397651994E-015)) ;
#1765=CARTESIAN_POINT('Vertex',(-33.,26.,3.18397651994E-015)) ;
#1768=CARTESIAN_POINT('Axis2P3D Location',(-33.,0.,0.)) ;
#1772=CARTESIAN_POINT('Vertex',(-33.,-26.,-6.36795303988E-015)) ;
#1775=CARTESIAN_POINT('Line Origine',(-32.,-26.,0.)) ;
#1787=CARTESIAN_POINT('Axis2P3D Location',(-31.,0.,0.)) ;
#1792=CARTESIAN_POINT('Axis2P3D Location',(-33.,0.,0.)) ;
#1804=CARTESIAN_POINT('Axis2P3D Location',(31.,0.,0.)) ;
#1809=CARTESIAN_POINT('Axis2P3D Location',(31.,0.,0.)) ;
#1813=CARTESIAN_POINT('Vertex',(31.,27.5,0.)) ;
#1815=CARTESIAN_POINT('Vertex',(31.,-27.5,3.36766747301E-015)) ;
#1818=CARTESIAN_POINT('Axis2P3D Location',(31.,0.,0.)) ;
#1832=CARTESIAN_POINT('Axis2P3D Location',(-31.,0.,0.)) ;
#1837=CARTESIAN_POINT('Axis2P3D Location',(-31.,0.,0.)) ;
#1841=CARTESIAN_POINT('Vertex',(-31.,-27.5,0.)) ;
#1843=CARTESIAN_POINT('Vertex',(-31.,27.5,3.36766747301E-015)) ;
#1846=CARTESIAN_POINT('Axis2P3D Location',(-31.,0.,0.)) ;
#1860=CARTESIAN_POINT('Axis2P3D Location',(26.,0.,0.)) ;
#1864=CARTESIAN_POINT('Vertex',(26.,-20.,-1.53143556864E-014)) ;
#1867=CARTESIAN_POINT('Line Origine',(-0.66000000051,-20.,2.44921270764E-015)) ;
#1872=CARTESIAN_POINT('Line Origine',(-0.66000000051,20.,-4.89842541529E-015)) ;
#1885=CARTESIAN_POINT('Axis2P3D Location',(-33.,0.,0.)) ;
#1894=CARTESIAN_POINT('Axis2P3D Location',(-33.,0.,0.)) ;
#1904=CARTESIAN_POINT('Line Origine',(-0.66000000051,-20.,2.44921270764E-015)) ;
#1919=CARTESIAN_POINT('Control Point',(-16.9540784861,6.97320131872,18.7449850192)) ;
#1920=CARTESIAN_POINT('Control Point',(-16.9540784861,6.47441899286,18.9305338243)) ;
#1921=CARTESIAN_POINT('Control Point',(-16.7985884013,5.96946738173,19.0994917631)) ;
#1922=CARTESIAN_POINT('Control Point',(-16.475753068,5.51334534308,19.2295039039)) ;
#1923=CARTESIAN_POINT('Control Point',(-15.7955746815,5.04546860666,19.3538418176)) ;
#1924=CARTESIAN_POINT('Control Point',(-15.001083281,4.94848303983,19.3780872697)) ;
#1925=CARTESIAN_POINT('Control Point',(-14.7385468286,4.95947089328,19.3753356279)) ;
#1926=CARTESIAN_POINT('Control Point',(-13.9887029573,5.11534610882,19.3358850941)) ;
#1927=CARTESIAN_POINT('Control Point',(-13.3729948207,5.59969837028,19.2047806705)) ;
#1928=CARTESIAN_POINT('Control Point',(-13.0906913315,6.03272964606,19.0782508089)) ;
#1929=CARTESIAN_POINT('Control Point',(-12.9540784861,6.50567563467,18.918906242)) ;
#1930=CARTESIAN_POINT('Control Point',(-12.9540784861,6.97320131872,18.7449850192)) ;
#1931=CARTESIAN_POINT('Vertex',(-16.9540784861,6.97320131872,18.7449850192)) ;
#1933=CARTESIAN_POINT('Vertex',(-12.9540784861,6.97320131872,18.7449850192)) ;
#1937=CARTESIAN_POINT('Control Point',(-12.9540784861,6.97320131872,18.7449850192)) ;
#1938=CARTESIAN_POINT('Control Point',(-12.9540784861,7.22844779733,18.6500324183)) ;
#1939=CARTESIAN_POINT('Control Point',(-12.9947976606,7.48207749656,18.5507354915)) ;
#1940=CARTESIAN_POINT('Control Point',(-13.075224854,7.72665753423,18.4498442365)) ;
#1941=CARTESIAN_POINT('Control Point',(-13.3641328681,8.2872080166,18.207846193)) ;
#1942=CARTESIAN_POINT('Control Point',(-13.8599406622,8.71256876919,18.0052943612)) ;
#1943=CARTESIAN_POINT('Control Point',(-14.2186332107,8.89783666136,17.9118685518)) ;
#1944=CARTESIAN_POINT('Control Point',(-14.9670672573,9.05937868229,17.8308021752)) ;
#1945=CARTESIAN_POINT('Control Point',(-15.7029080372,8.87700066181,17.9223301724)) ;
#1946=CARTESIAN_POINT('Control Point',(-16.0151072513,8.71831380295,18.0017056878)) ;
#1947=CARTESIAN_POINT('Control Point',(-16.5060770045,8.32470938675,18.1897837151)) ;
#1948=CARTESIAN_POINT('Control Point',(-16.8095727067,7.79444681758,18.4217404282)) ;
#1949=CARTESIAN_POINT('Control Point',(-16.9054520225,7.52913236535,18.5322704887)) ;
#1950=CARTESIAN_POINT('Control Point',(-16.9540784861,7.25213221357,18.6412217309)) ;
#1951=CARTESIAN_POINT('Control Point',(-16.9540784861,6.97320131872,18.7449850192)) ;
#1958=CARTESIAN_POINT('Control Point',(-18.5,1.30340183091E-013,20.)) ;
#1959=CARTESIAN_POINT('Control Point',(-18.5,-0.512106962577,20.)) ;
#1960=CARTESIAN_POINT('Control Point',(-18.3360915368,-1.02421102763,19.9836091537)) ;
#1961=CARTESIAN_POINT('Control Point',(-18.007870754,-1.46473895461,19.9500642095)) ;
#1962=CARTESIAN_POINT('Control Point',(-17.3428059725,-1.92099630374,19.9082188953)) ;
#1963=CARTESIAN_POINT('Control Point',(-16.5708245968,-2.0237768974,19.8972962271)) ;
#1964=CARTESIAN_POINT('Control Point',(-16.3095061599,-2.01603087829,19.8981193234)) ;
#1965=CARTESIAN_POINT('Control Point',(-15.5685978245,-1.87232287278,19.9131047029)) ;
#1966=CARTESIAN_POINT('Control Point',(-14.9476193743,-1.40321987896,19.9546393923)) ;
#1967=CARTESIAN_POINT('Control Point',(-14.6490959419,-0.976836157635,19.9850904058)) ;
#1968=CARTESIAN_POINT('Control Point',(-14.5,-0.488419396652,20.)) ;
#1969=CARTESIAN_POINT('Control Point',(-14.5,-2.65343302885E-013,20.)) ;
#1970=CARTESIAN_POINT('Vertex',(-18.5,1.31695327386E-013,20.)) ;
#1972=CARTESIAN_POINT('Vertex',(-14.5,0.,20.)) ;
#1976=CARTESIAN_POINT('Control Point',(-14.5,1.33226762955E-015,20.)) ;
#1977=CARTESIAN_POINT('Control Point',(-14.5,0.512106962588,20.)) ;
#1978=CARTESIAN_POINT('Control Point',(-14.6639084632,1.02421102766,19.9836091537)) ;
#1979=CARTESIAN_POINT('Control Point',(-14.992129246,1.46473895459,19.9500642095)) ;
#1980=CARTESIAN_POINT('Control Point',(-15.6571940275,1.92099630374,19.9082188953)) ;
#1981=CARTESIAN_POINT('Control Point',(-16.4291754033,2.0237768974,19.8972962271)) ;
#1982=CARTESIAN_POINT('Control Point',(-16.6904938401,2.0160308783,19.8981193234)) ;
#1983=CARTESIAN_POINT('Control Point',(-17.4314021755,1.87232287279,19.9131047029)) ;
#1984=CARTESIAN_POINT('Control Point',(-18.0523806257,1.40321987895,19.9546393923)) ;
#1985=CARTESIAN_POINT('Control Point',(-18.3509040581,0.976836157656,19.9850904058)) ;
#1986=CARTESIAN_POINT('Control Point',(-18.5,0.488419396662,20.)) ;
#1987=CARTESIAN_POINT('Control Point',(-18.5,1.29896093881E-013,20.)) ;
#1994=CARTESIAN_POINT('Control Point',(12.9540784861,6.97320131872,18.7449850192)) ;
#1995=CARTESIAN_POINT('Control Point',(12.9540784861,6.47441899287,18.9305338243)) ;
#1996=CARTESIAN_POINT('Control Point',(13.109568571,5.96946738176,19.099491763)) ;
#1997=CARTESIAN_POINT('Control Point',(13.4324039043,5.51334534306,19.2295039039)) ;
#1998=CARTESIAN_POINT('Control Point',(14.1125822907,5.04546860664,19.3538418176)) ;
#1999=CARTESIAN_POINT('Control Point',(14.9070736912,4.94848303982,19.3780872697)) ;
#2000=CARTESIAN_POINT('Control Point',(15.1696101435,4.95947089327,19.3753356279)) ;
#2001=CARTESIAN_POINT('Control Point',(15.9194540149,5.11534610881,19.3358850941)) ;
#2002=CARTESIAN_POINT('Control Point',(16.5351621515,5.59969837027,19.2047806705)) ;
#2003=CARTESIAN_POINT('Control Point',(16.8174656407,6.03272964608,19.0782508089)) ;
#2004=CARTESIAN_POINT('Control Point',(16.9540784861,6.50567563468,18.918906242)) ;
#2005=CARTESIAN_POINT('Control Point',(16.9540784861,6.97320131872,18.7449850192)) ;
#2006=CARTESIAN_POINT('Vertex',(12.9540784861,6.97320131872,18.7449850192)) ;
#2008=CARTESIAN_POINT('Vertex',(16.9540784861,6.97320131872,18.7449850192)) ;
#2012=CARTESIAN_POINT('Control Point',(16.9540784861,6.97320131872,18.7449850192)) ;
#2013=CARTESIAN_POINT('Control Point',(16.9540784861,7.22844779733,18.6500324183)) ;
#2014=CARTESIAN_POINT('Control Point',(16.9133593116,7.48207749655,18.5507354915)) ;
#2015=CARTESIAN_POINT('Control Point',(16.8329321182,7.72665753423,18.4498442365)) ;
#2016=CARTESIAN_POINT('Control Point',(16.5440241041,8.2872080166,18.207846193)) ;
#2017=CARTESIAN_POINT('Control Point',(16.04821631,8.71256876917,18.0052943612)) ;
#2018=CARTESIAN_POINT('Control Point',(15.6895237615,8.89783666136,17.9118685518)) ;
#2019=CARTESIAN_POINT('Control Point',(14.9410897149,9.05937868229,17.8308021752)) ;
#2020=CARTESIAN_POINT('Control Point',(14.205248935,8.8770006618,17.9223301724)) ;
#2021=CARTESIAN_POINT('Control Point',(13.8930497209,8.71831380296,18.0017056878)) ;
#2022=CARTESIAN_POINT('Control Point',(13.4020799677,8.32470938676,18.1897837151)) ;
#2023=CARTESIAN_POINT('Control Point',(13.0985842655,7.79444681757,18.4217404282)) ;
#2024=CARTESIAN_POINT('Control Point',(13.0027049497,7.52913236536,18.5322704887)) ;
#2025=CARTESIAN_POINT('Control Point',(12.9540784861,7.25213221357,18.6412217309)) ;
#2026=CARTESIAN_POINT('Control Point',(12.9540784861,6.97320131872,18.7449850192)) ;
#2033=CARTESIAN_POINT('Control Point',(14.5,1.33226762955E-015,20.)) ;
#2034=CARTESIAN_POINT('Control Point',(14.5,-0.512106962592,20.)) ;
#2035=CARTESIAN_POINT('Control Point',(14.6639084632,-1.02421102766,19.9836091537)) ;
#2036=CARTESIAN_POINT('Control Point',(14.992129246,-1.46473895459,19.9500642095)) ;
#2037=CARTESIAN_POINT('Control Point',(15.6571940275,-1.92099630372,19.9082188953)) ;
#2038=CARTESIAN_POINT('Control Point',(16.4291754032,-2.02377689739,19.8972962271)) ;
#2039=CARTESIAN_POINT('Control Point',(16.6904938401,-2.01603087829,19.8981193234)) ;
#2040=CARTESIAN_POINT('Control Point',(17.4314021755,-1.87232287277,19.9131047029)) ;
#2041=CARTESIAN_POINT('Control Point',(18.0523806257,-1.40321987897,19.9546393923)) ;
#2042=CARTESIAN_POINT('Control Point',(18.3509040581,-0.976836157622,19.9850904058)) ;
#2043=CARTESIAN_POINT('Control Point',(18.5,-0.488419396645,20.)) ;
#2044=CARTESIAN_POINT('Control Point',(18.5,-3.08291036398E-015,20.)) ;
#2045=CARTESIAN_POINT('Vertex',(14.5,2.44921270764E-016,20.)) ;
#2047=CARTESIAN_POINT('Vertex',(18.5,0.,20.)) ;
#2051=CARTESIAN_POINT('Control Point',(18.5,1.33226762955E-015,20.)) ;
#2052=CARTESIAN_POINT('Control Point',(18.5,0.512106962597,20.)) ;
#2053=CARTESIAN_POINT('Control Point',(18.3360915368,1.02421102767,19.9836091537)) ;
#2054=CARTESIAN_POINT('Control Point',(18.007870754,1.46473895458,19.9500642095)) ;
#2055=CARTESIAN_POINT('Control Point',(17.3428059725,1.92099630373,19.9082188953)) ;
#2056=CARTESIAN_POINT('Control Point',(16.5708245968,2.02377689739,19.8972962271)) ;
#2057=CARTESIAN_POINT('Control Point',(16.3095061599,2.01603087829,19.8981193234)) ;
#2058=CARTESIAN_POINT('Control Point',(15.5685978245,1.87232287277,19.9131047029)) ;
#2059=CARTESIAN_POINT('Control Point',(14.9476193743,1.40321987898,19.9546393923)) ;
#2060=CARTESIAN_POINT('Control Point',(14.6490959419,0.97683615761,19.9850904058)) ;
#2061=CARTESIAN_POINT('Control Point',(14.5,0.488419396639,20.)) ;
#2062=CARTESIAN_POINT('Control Point',(14.5,1.11022302463E-015,20.)) ;
#2069=CARTESIAN_POINT('Control Point',(-4.,1.11022302463E-015,20.)) ;
#2070=CARTESIAN_POINT('Control Point',(-4.,-0.787295557605,20.)) ;
#2071=CARTESIAN_POINT('Control Point',(-3.80630178282,-1.57458940314,19.9612603566)) ;
#2072=CARTESIAN_POINT('Control Point',(-3.41922610465,-2.2941645031,19.8830689911)) ;
#2073=CARTESIAN_POINT('Control Point',(-2.603618721,-3.18635032372,19.7512405556)) ;
#2074=CARTESIAN_POINT('Control Point',(-1.54519049265,-3.7210062025,19.6518152274)) ;
#2075=CARTESIAN_POINT('Control Point',(-1.1714561642,-3.85516946372,19.6252433667)) ;
#2076=CARTESIAN_POINT('Control Point',(-0.0819168335402,-4.09974990675,19.5758490616)) ;
#2077=CARTESIAN_POINT('Control Point',(1.04685877908,-3.96211695062,19.6032946543)) ;
#2078=CARTESIAN_POINT('Control Point',(1.74091358403,-3.70857301514,19.6577601819)) ;
#2079=CARTESIAN_POINT('Control Point',(2.88575477931,-2.96697400979,19.7938189357)) ;
#2080=CARTESIAN_POINT('Control Point',(3.635724504,-1.83654695236,19.9269207661)) ;
#2081=CARTESIAN_POINT('Control Point',(3.87860803515,-1.24652094855,19.975721607)) ;
#2082=CARTESIAN_POINT('Control Point',(4.,-0.623261010755,20.)) ;
#2083=CARTESIAN_POINT('Control Point',(4.,1.33226762955E-015,20.)) ;
#2084=CARTESIAN_POINT('Vertex',(-4.,4.89842541529E-016,20.)) ;
#2086=CARTESIAN_POINT('Vertex',(4.,0.,20.)) ;
#2090=CARTESIAN_POINT('Control Point',(4.,1.33226762955E-015,20.)) ;
#2091=CARTESIAN_POINT('Control Point',(4.,0.787295557608,20.)) ;
#2092=CARTESIAN_POINT('Control Point',(3.80630178281,1.57458940315,19.9612603566)) ;
#2093=CARTESIAN_POINT('Control Point',(3.41922610467,2.29416450307,19.8830689912)) ;
#2094=CARTESIAN_POINT('Control Point',(2.60361872102,3.1863503237,19.7512405556)) ;
#2095=CARTESIAN_POINT('Control Point',(1.54519049267,3.72100620249,19.6518152274)) ;
#2096=CARTESIAN_POINT('Control Point',(1.17145616423,3.85516946371,19.6252433667)) ;
#2097=CARTESIAN_POINT('Control Point',(0.0819168335949,4.09974990674,19.5758490616)) ;
#2098=CARTESIAN_POINT('Control Point',(-1.04685877902,3.96211695063,19.6032946543)) ;
#2099=CARTESIAN_POINT('Control Point',(-1.74091358404,3.70857301513,19.6577601819)) ;
#2100=CARTESIAN_POINT('Control Point',(-2.8857547793,2.96697400979,19.7938189357)) ;
#2101=CARTESIAN_POINT('Control Point',(-3.63572450399,1.83654695238,19.9269207661)) ;
#2102=CARTESIAN_POINT('Control Point',(-3.87860803515,1.24652094855,19.975721607)) ;
#2103=CARTESIAN_POINT('Control Point',(-4.,0.623261010755,20.)) ;
#2104=CARTESIAN_POINT('Control Point',(-4.,1.33226762955E-015,20.)) ;
#2118=CARTESIAN_POINT('Axis2P3D Location',(32.,0.,0.)) ;
#2123=CARTESIAN_POINT('Line Origine',(32.,-27.5,3.36766747301E-015)) ;
#2127=CARTESIAN_POINT('Vertex',(33.,-27.5,3.36766747301E-015)) ;
#2130=CARTESIAN_POINT('Axis2P3D Location',(33.,0.,0.)) ;
#2134=CARTESIAN_POINT('Vertex',(33.,27.5,0.)) ;
#2137=CARTESIAN_POINT('Line Origine',(32.,27.5,-6.73533494602E-015)) ;
#2149=CARTESIAN_POINT('Axis2P3D Location',(33.,0.,0.)) ;
#2161=CARTESIAN_POINT('Line Origine',(-26.,4.,-31.5)) ;
#2165=CARTESIAN_POINT('Vertex',(-26.,4.,-30.)) ;
#2167=CARTESIAN_POINT('Vertex',(-26.,4.,-33.)) ;
#2170=CARTESIAN_POINT('Line Origine',(-26.,0.,-33.)) ;
#2174=CARTESIAN_POINT('Vertex',(-26.,-4.,-33.)) ;
#2177=CARTESIAN_POINT('Line Origine',(-26.,-4.,-31.5)) ;
#2182=CARTESIAN_POINT('Line Origine',(-26.,-8.881784197E-016,-30.)) ;
#2194=CARTESIAN_POINT('Axis2P3D Location',(-32.,0.,0.)) ;
#2199=CARTESIAN_POINT('Line Origine',(-32.,27.5,3.36766747301E-015)) ;
#2203=CARTESIAN_POINT('Vertex',(-33.,27.5,3.36766747301E-015)) ;
#2206=CARTESIAN_POINT('Axis2P3D Location',(-33.,0.,0.)) ;
#2210=CARTESIAN_POINT('Vertex',(-33.,-27.5,0.)) ;
#2213=CARTESIAN_POINT('Line Origine',(-32.,-27.5,-6.73533494602E-015)) ;
#2225=CARTESIAN_POINT('Axis2P3D Location',(-33.,0.,0.)) ;
#2237=CARTESIAN_POINT('Line Origine',(29.5,30.,-25.)) ;
#2241=CARTESIAN_POINT('Vertex',(33.,30.,-25.)) ;
#2244=CARTESIAN_POINT('Line Origine',(29.5,30.,25.)) ;
#2248=CARTESIAN_POINT('Vertex',(33.,30.,25.)) ;
#2251=CARTESIAN_POINT('Line Origine',(33.,30.,0.)) ;
#2263=CARTESIAN_POINT('Axis2P3D Location',(29.5,25.,-25.)) ;
#2268=CARTESIAN_POINT('Line Origine',(29.5,25.,-30.)) ;
#2272=CARTESIAN_POINT('Vertex',(33.,25.,-30.)) ;
#2275=CARTESIAN_POINT('Axis2P3D Location',(33.,25.,-25.)) ;
#2287=CARTESIAN_POINT('Axis2P3D Location',(26.,25.,-30.)) ;
#2292=CARTESIAN_POINT('Line Origine',(29.5,-25.,-30.)) ;
#2296=CARTESIAN_POINT('Vertex',(33.,-25.,-30.)) ;
#2299=CARTESIAN_POINT('Line Origine',(33.,0.,-30.)) ;
#2311=CARTESIAN_POINT('Axis2P3D Location',(29.5,-25.,-25.)) ;
#2316=CARTESIAN_POINT('Line Origine',(29.5,-30.,-25.)) ;
#2320=CARTESIAN_POINT('Vertex',(33.,-30.,-25.)) ;
#2323=CARTESIAN_POINT('Axis2P3D Location',(33.,-25.,-25.)) ;
#2335=CARTESIAN_POINT('Axis2P3D Location',(26.,-30.,-25.)) ;
#2340=CARTESIAN_POINT('Line Origine',(29.5,-30.,25.)) ;
#2344=CARTESIAN_POINT('Vertex',(33.,-30.,25.)) ;
#2347=CARTESIAN_POINT('Line Origine',(33.,-30.,-3.5527136788E-015)) ;
#2359=CARTESIAN_POINT('Axis2P3D Location',(29.5,-25.,25.)) ;
#2364=CARTESIAN_POINT('Line Origine',(0.,-25.,30.)) ;
#2368=CARTESIAN_POINT('Vertex',(33.,-25.,30.)) ;
#2371=CARTESIAN_POINT('Axis2P3D Location',(33.,-25.,25.)) ;
#2383=CARTESIAN_POINT('Axis2P3D Location',(26.,-25.,30.)) ;
#2388=CARTESIAN_POINT('Line Origine',(29.5,25.,30.)) ;
#2392=CARTESIAN_POINT('Vertex',(33.,25.,30.)) ;
#2395=CARTESIAN_POINT('Line Origine',(33.,0.,30.)) ;
#2407=CARTESIAN_POINT('Axis2P3D Location',(33.,25.,25.)) ;
#2419=CARTESIAN_POINT('Line Origine',(16.2376430699,-4.,-33.)) ;
#2431=CARTESIAN_POINT('Line Origine',(15.9778333786,12.8436303484,0.)) ;
#2435=CARTESIAN_POINT('Vertex',(15.9778333786,12.8436303484,-33.)) ;
#2438=CARTESIAN_POINT('Axis2P3D Location',(14.419020366,11.5905932413,-33.)) ;
#2450=CARTESIAN_POINT('Axis2P3D Location',(0.,0.,-33.)) ;
#2462=CARTESIAN_POINT('Axis2P3D Location',(-20.1059692629,4.,33.)) ;
#2467=CARTESIAN_POINT('Axis2P3D Location',(-20.75,4.,-29.5)) ;
#2471=CARTESIAN_POINT('Vertex',(-22.25,4.,-29.5)) ;
#2474=CARTESIAN_POINT('Axis2P3D Location',(-20.75,4.,-29.5)) ;
#2479=CARTESIAN_POINT('Line Origine',(-23.0529846314,4.,-33.)) ;
#2484=CARTESIAN_POINT('Line Origine',(-26.,4.,-28.3510299228)) ;
#2500=CARTESIAN_POINT('Line Origine',(-10.5118980208,10.5118980208,-28.9348301154)) ;
#2504=CARTESIAN_POINT('Vertex',(-10.5118980208,10.5118980208,-33.)) ;
#2507=CARTESIAN_POINT('Line Origine',(-11.7583524122,11.7583524122,-33.)) ;
#2519=CARTESIAN_POINT('Line Origine',(-10.3359633721,7.88465986398,0.)) ;
#2523=CARTESIAN_POINT('Vertex',(-10.3359633721,7.88465986398,-33.)) ;
#2526=CARTESIAN_POINT('Axis2P3D Location',(-11.9261115832,9.09768445844,-33.)) ;
#2538=CARTESIAN_POINT('Axis2P3D Location',(0.,0.,0.)) ;
#2543=CARTESIAN_POINT('Line Origine',(-12.3693168769,-4.,0.)) ;
#2547=CARTESIAN_POINT('Vertex',(-12.3693168769,-4.,-33.)) ;
#2550=CARTESIAN_POINT('Axis2P3D Location',(0.,0.,-33.)) ;
#2562=CARTESIAN_POINT('Line Origine',(9.5,-1.07644470594E-014,0.)) ;
#2566=CARTESIAN_POINT('Vertex',(9.5,0.,33.)) ;
#2569=CARTESIAN_POINT('Axis2P3D Location',(0.,0.,33.)) ;
#2573=CARTESIAN_POINT('Vertex',(-9.5,1.16337603613E-015,33.)) ;
#2576=CARTESIAN_POINT('Line Origine',(-9.5,5.38222352971E-015,0.)) ;
#2588=CARTESIAN_POINT('Axis2P3D Location',(0.,0.,33.)) ;
#2600=CARTESIAN_POINT('Line Origine',(10.5118980208,10.5118980208,28.9348301154)) ;
#2604=CARTESIAN_POINT('Vertex',(10.5118980208,10.5118980208,33.)) ;
#2607=CARTESIAN_POINT('Line Origine',(11.7583524122,11.7583524122,33.)) ;
#2620=CARTESIAN_POINT('Line Origine',(10.3359633721,7.88465986398,0.)) ;
#2624=CARTESIAN_POINT('Vertex',(10.3359633721,7.88465986398,33.)) ;
#2627=CARTESIAN_POINT('Axis2P3D Location',(11.9261115832,9.09768445844,33.)) ;
#2639=CARTESIAN_POINT('Axis2P3D Location',(0.,0.,33.)) ;
#2651=CARTESIAN_POINT('Axis2P3D Location',(0.,0.,33.)) ;
#2663=CARTESIAN_POINT('Line Origine',(0.,-30.,25.)) ;
#2667=CARTESIAN_POINT('Vertex',(-33.,-30.,25.)) ;
#2670=CARTESIAN_POINT('Line Origine',(0.,-25.,30.)) ;
#2674=CARTESIAN_POINT('Vertex',(-33.,-25.,30.)) ;
#2677=CARTESIAN_POINT('Axis2P3D Location',(-33.,-25.,25.)) ;
#2689=CARTESIAN_POINT('Line Origine',(-29.5,-30.,-25.)) ;
#2693=CARTESIAN_POINT('Vertex',(-33.,-30.,-25.)) ;
#2696=CARTESIAN_POINT('Line Origine',(-33.,-30.,-3.5527136788E-015)) ;
#2708=CARTESIAN_POINT('Axis2P3D Location',(-29.5,-25.,-25.)) ;
#2713=CARTESIAN_POINT('Line Origine',(-29.5,-25.,-30.)) ;
#2717=CARTESIAN_POINT('Vertex',(-33.,-25.,-30.)) ;
#2720=CARTESIAN_POINT('Axis2P3D Location',(-33.,-25.,-25.)) ;
#2732=CARTESIAN_POINT('Line Origine',(-26.,14.5,-30.)) ;
#2737=CARTESIAN_POINT('Line Origine',(-33.,-3.5527136788E-015,-30.)) ;
#2751=CARTESIAN_POINT('Line Origine',(-26.,14.5,30.)) ;
#2756=CARTESIAN_POINT('Line Origine',(-33.,0.,30.)) ;
#2770=CARTESIAN_POINT('Line Origine',(-26.,4.,28.3510299228)) ;
#2786=CARTESIAN_POINT('Axis2P3D Location',(-26.,25.,25.)) ;
#2790=CARTESIAN_POINT('Vertex',(-26.,22.5,25.)) ;
#2792=CARTESIAN_POINT('Vertex',(-26.,27.5,25.)) ;
#2795=CARTESIAN_POINT('Axis2P3D Location',(-26.,25.,25.)) ;
#2804=CARTESIAN_POINT('Axis2P3D Location',(-26.,25.,-25.)) ;
#2808=CARTESIAN_POINT('Vertex',(-26.,22.5,-25.)) ;
#2810=CARTESIAN_POINT('Vertex',(-26.,27.5,-25.)) ;
#2813=CARTESIAN_POINT('Axis2P3D Location',(-26.,25.,-25.)) ;
#2823=CARTESIAN_POINT('Axis2P3D Location',(0.,0.,33.)) ;
#2827=CARTESIAN_POINT('Vertex',(-12.3693168769,-4.,33.)) ;
#2830=CARTESIAN_POINT('Line Origine',(-12.3693168769,-4.,0.)) ;
#2842=CARTESIAN_POINT('Axis2P3D Location',(-20.75,4.,29.5)) ;
#2846=CARTESIAN_POINT('Vertex',(-22.25,4.,29.5)) ;
#2849=CARTESIAN_POINT('Axis2P3D Location',(-20.75,4.,29.5)) ;
#2854=CARTESIAN_POINT('Line Origine',(-23.0529846314,4.,33.)) ;
#2870=CARTESIAN_POINT('Axis2P3D Location',(-16.5,0.,0.)) ;
#2875=CARTESIAN_POINT('Axis2P3D Location',(-16.5,0.,32.)) ;
#2879=CARTESIAN_POINT('Vertex',(-14.5,-4.89842541529E-016,32.)) ;
#2881=CARTESIAN_POINT('Vertex',(-18.5,1.31695327386E-013,32.)) ;
#2884=CARTESIAN_POINT('Line Origine',(-18.5,1.31695327386E-013,0.)) ;
#2889=CARTESIAN_POINT('Line Origine',(-14.5,0.,0.)) ;
#2901=CARTESIAN_POINT('Axis2P3D Location',(-16.5,0.,32.)) ;
#2913=CARTESIAN_POINT('Axis2P3D Location',(-16.5,-6.66133814775E-016,30.)) ;
#2918=CARTESIAN_POINT('Line Origine',(-14.,-1.11022302463E-016,32.5)) ;
#2922=CARTESIAN_POINT('Vertex',(-13.5,-2.7895043478E-016,33.)) ;
#2925=CARTESIAN_POINT('Axis2P3D Location',(-16.5,-9.86076131526E-032,33.)) ;
#2929=CARTESIAN_POINT('Vertex',(-19.5,2.00663339716E-013,33.)) ;
#2932=CARTESIAN_POINT('Line Origine',(-19.,1.67838806004E-013,32.5)) ;
#2944=CARTESIAN_POINT('Axis2P3D Location',(-16.5,1.11022302463E-015,30.)) ;
#2949=CARTESIAN_POINT('Axis2P3D Location',(-16.5,4.4408920985E-016,33.)) ;
#2961=CARTESIAN_POINT('Axis2P3D Location',(-14.9540784861,6.97320131872,0.)) ;
#2966=CARTESIAN_POINT('Axis2P3D Location',(-14.9540784861,6.97320131872,32.)) ;
#2970=CARTESIAN_POINT('Vertex',(-16.9540784861,6.97320131872,32.)) ;
#2972=CARTESIAN_POINT('Vertex',(-12.9540784861,6.97320131872,32.)) ;
#2975=CARTESIAN_POINT('Line Origine',(-12.9540784861,6.97320131872,0.)) ;
#2980=CARTESIAN_POINT('Line Origine',(-16.9540784861,6.97320131872,0.)) ;
#2992=CARTESIAN_POINT('Axis2P3D Location',(-14.9540784861,6.97320131872,32.)) ;
#3004=CARTESIAN_POINT('Axis2P3D Location',(0.,0.,33.)) ;
#3009=CARTESIAN_POINT('Line Origine',(-19.1846584384,-4.,33.)) ;
#3024=CARTESIAN_POINT('Axis2P3D Location',(-14.9540784861,6.97320131872,33.)) ;
#3028=CARTESIAN_POINT('Vertex',(-11.9540784861,6.97320131872,33.)) ;
#3030=CARTESIAN_POINT('Vertex',(-17.9540784861,6.97320131872,33.)) ;
#3033=CARTESIAN_POINT('Axis2P3D Location',(-14.9540784861,6.97320131872,33.)) ;
#3047=CARTESIAN_POINT('Axis2P3D Location',(-14.9540784861,6.97320131872,30.)) ;
#3052=CARTESIAN_POINT('Line Origine',(-17.4540784861,6.97320131872,32.5)) ;
#3057=CARTESIAN_POINT('Line Origine',(-12.4540784861,6.97320131872,32.5)) ;
#3069=CARTESIAN_POINT('Axis2P3D Location',(-14.9540784861,6.97320131872,30.)) ;
#3081=CARTESIAN_POINT('Axis2P3D Location',(0.,0.,0.)) ;
#3086=CARTESIAN_POINT('Axis2P3D Location',(0.,0.,32.)) ;
#3090=CARTESIAN_POINT('Vertex',(4.,-8.08511244066E-015,32.)) ;
#3092=CARTESIAN_POINT('Vertex',(-4.,4.89842541529E-016,32.)) ;
#3095=CARTESIAN_POINT('Line Origine',(-4.,4.89842541529E-016,0.)) ;
#3100=CARTESIAN_POINT('Line Origine',(4.,0.,0.)) ;
#3112=CARTESIAN_POINT('Axis2P3D Location',(0.,0.,32.)) ;
#3128=CARTESIAN_POINT('Axis2P3D Location',(0.,-2.52121774437E-016,33.)) ;
#3132=CARTESIAN_POINT('Vertex',(-5.,-8.52160279453E-015,33.)) ;
#3134=CARTESIAN_POINT('Vertex',(5.,-1.47672812826E-015,33.)) ;
#3137=CARTESIAN_POINT('Axis2P3D Location',(0.,-2.52121774437E-016,33.)) ;
#3147=CARTESIAN_POINT('Axis2P3D Location',(1.99840144433E-015,1.7763568394E-015,28.)) ;
#3152=CARTESIAN_POINT('Line Origine',(4.5,1.7763568394E-016,32.5)) ;
#3157=CARTESIAN_POINT('Line Origine',(-4.5,-6.06585636755E-015,32.5)) ;
#3169=CARTESIAN_POINT('Axis2P3D Location',(-4.4408920985E-016,-1.5886626544E-015,28.)) ;
#3181=CARTESIAN_POINT('Axis2P3D Location',(16.5,0.,0.)) ;
#3186=CARTESIAN_POINT('Axis2P3D Location',(16.5,0.,32.)) ;
#3190=CARTESIAN_POINT('Vertex',(14.5,2.44921270764E-016,32.)) ;
#3192=CARTESIAN_POINT('Vertex',(18.5,-4.89842541529E-016,32.)) ;
#3195=CARTESIAN_POINT('Line Origine',(18.5,-4.89842541529E-016,0.)) ;
#3200=CARTESIAN_POINT('Line Origine',(14.5,2.44921270764E-016,0.)) ;
#3212=CARTESIAN_POINT('Axis2P3D Location',(16.5,0.,32.)) ;
#3224=CARTESIAN_POINT('Axis2P3D Location',(16.5,6.66133814775E-016,30.)) ;
#3229=CARTESIAN_POINT('Line Origine',(19.,1.11022302463E-016,32.5)) ;
#3233=CARTESIAN_POINT('Vertex',(19.5,-8.20228820577E-016,33.)) ;
#3236=CARTESIAN_POINT('Axis2P3D Location',(16.5,-6.66133814775E-016,33.)) ;
#3240=CARTESIAN_POINT('Vertex',(13.5,2.81916897863E-016,33.)) ;
#3243=CARTESIAN_POINT('Line Origine',(14.,4.17173890918E-016,32.5)) ;
#3255=CARTESIAN_POINT('Axis2P3D Location',(16.5,2.13580312403E-015,30.)) ;
#3260=CARTESIAN_POINT('Axis2P3D Location',(16.5,-6.87008398522E-017,33.)) ;
#3272=CARTESIAN_POINT('Axis2P3D Location',(14.9540784861,6.97320131872,0.)) ;
#3277=CARTESIAN_POINT('Axis2P3D Location',(14.9540784861,6.97320131872,32.)) ;
#3281=CARTESIAN_POINT('Vertex',(12.9540784861,6.97320131872,32.)) ;
#3283=CARTESIAN_POINT('Vertex',(16.9540784861,6.97320131872,32.)) ;
#3286=CARTESIAN_POINT('Line Origine',(16.9540784861,6.97320131872,0.)) ;
#3291=CARTESIAN_POINT('Line Origine',(12.9540784861,6.97320131872,0.)) ;
#3303=CARTESIAN_POINT('Axis2P3D Location',(14.9540784861,6.97320131872,32.)) ;
#3324=CARTESIAN_POINT('Axis2P3D Location',(14.9540784861,6.97320131872,33.)) ;
#3328=CARTESIAN_POINT('Vertex',(11.9540784861,6.97320131872,33.)) ;
#3330=CARTESIAN_POINT('Vertex',(17.9540784861,6.97320131872,33.)) ;
#3333=CARTESIAN_POINT('Axis2P3D Location',(14.9540784861,6.97320131872,33.)) ;
#3347=CARTESIAN_POINT('Axis2P3D Location',(14.9540784861,6.97320131872,30.)) ;
#3352=CARTESIAN_POINT('Line Origine',(17.4540784861,6.97320131872,32.5)) ;
#3357=CARTESIAN_POINT('Line Origine',(12.4540784861,6.97320131872,32.5)) ;
#3369=CARTESIAN_POINT('Axis2P3D Location',(14.9540784861,6.97320131872,30.)) ;
#3381=CARTESIAN_POINT('Axis2P3D Location',(-20.75,0.,29.5)) ;
#3386=CARTESIAN_POINT('Axis2P3D Location',(-20.75,-3.,29.5)) ;
#3390=CARTESIAN_POINT('Vertex',(-22.25,-3.,29.5)) ;
#3392=CARTESIAN_POINT('Vertex',(-19.25,-3.,29.5)) ;
#3395=CARTESIAN_POINT('Line Origine',(-19.25,0.,29.5)) ;
#3400=CARTESIAN_POINT('Line Origine',(-22.25,0.,29.5)) ;
#3420=CARTESIAN_POINT('Axis2P3D Location',(-20.75,-4.,29.5)) ;
#3424=CARTESIAN_POINT('Vertex',(-23.25,-4.,29.5)) ;
#3426=CARTESIAN_POINT('Vertex',(-18.25,-4.,29.5)) ;
#3429=CARTESIAN_POINT('Axis2P3D Location',(-20.75,-4.,29.5)) ;
#3439=CARTESIAN_POINT('Axis2P3D Location',(-20.75,-3.,29.5)) ;
#3452=CARTESIAN_POINT('Axis2P3D Location',(-20.75,-1.5,29.5)) ;
#3457=CARTESIAN_POINT('Line Origine',(-18.75,-3.5,29.5)) ;
#3462=CARTESIAN_POINT('Line Origine',(-22.75,-3.5,29.5)) ;
#3474=CARTESIAN_POINT('Axis2P3D Location',(-20.75,-1.5,29.5)) ;
#3486=CARTESIAN_POINT('Axis2P3D Location',(-29.5,-25.,25.)) ;
#3491=CARTESIAN_POINT('Axis2P3D Location',(-32.,-25.,25.)) ;
#3495=CARTESIAN_POINT('Vertex',(-32.,-27.5,25.)) ;
#3497=CARTESIAN_POINT('Vertex',(-32.,-22.5,25.)) ;
#3500=CARTESIAN_POINT('Line Origine',(-29.5,-22.5,25.)) ;
#3505=CARTESIAN_POINT('Line Origine',(-29.5,-27.5,25.)) ;
#3517=CARTESIAN_POINT('Axis2P3D Location',(-32.,-25.,25.)) ;
#3529=CARTESIAN_POINT('Axis2P3D Location',(-29.5,-25.,25.)) ;
#3534=CARTESIAN_POINT('Line Origine',(-32.5,-22.,25.)) ;
#3538=CARTESIAN_POINT('Vertex',(-33.,-21.5,25.)) ;
#3541=CARTESIAN_POINT('Axis2P3D Location',(-33.,-25.,25.)) ;
#3545=CARTESIAN_POINT('Vertex',(-33.,-28.5,25.)) ;
#3548=CARTESIAN_POINT('Line Origine',(-32.5,-28.,25.)) ;
#3560=CARTESIAN_POINT('Axis2P3D Location',(-29.5,-25.,25.)) ;
#3565=CARTESIAN_POINT('Axis2P3D Location',(-33.,-25.,25.)) ;
#3577=CARTESIAN_POINT('Axis2P3D Location',(-29.5,25.,25.)) ;
#3582=CARTESIAN_POINT('Axis2P3D Location',(-32.,25.,25.)) ;
#3586=CARTESIAN_POINT('Vertex',(-32.,22.5,25.)) ;
#3588=CARTESIAN_POINT('Vertex',(-32.,27.5,25.)) ;
#3591=CARTESIAN_POINT('Line Origine',(-29.5,27.5,25.)) ;
#3596=CARTESIAN_POINT('Line Origine',(-29.5,22.5,25.)) ;
#3608=CARTESIAN_POINT('Axis2P3D Location',(-32.,25.,25.)) ;
#3620=CARTESIAN_POINT('Axis2P3D Location',(-29.5,25.,25.)) ;
#3625=CARTESIAN_POINT('Line Origine',(-32.5,28.,25.)) ;
#3629=CARTESIAN_POINT('Vertex',(-33.,28.5,25.)) ;
#3632=CARTESIAN_POINT('Axis2P3D Location',(-33.,25.,25.)) ;
#3636=CARTESIAN_POINT('Vertex',(-33.,21.5,25.)) ;
#3639=CARTESIAN_POINT('Line Origine',(-32.5,22.,25.)) ;
#3651=CARTESIAN_POINT('Axis2P3D Location',(-29.5,25.,25.)) ;
#3656=CARTESIAN_POINT('Axis2P3D Location',(-33.,25.,25.)) ;
#3668=CARTESIAN_POINT('Axis2P3D Location',(-29.5,25.,-25.)) ;
#3673=CARTESIAN_POINT('Axis2P3D Location',(-32.,25.,-25.)) ;
#3677=CARTESIAN_POINT('Vertex',(-32.,22.5,-25.)) ;
#3679=CARTESIAN_POINT('Vertex',(-32.,27.5,-25.)) ;
#3682=CARTESIAN_POINT('Line Origine',(-29.5,27.5,-25.)) ;
#3687=CARTESIAN_POINT('Line Origine',(-29.5,22.5,-25.)) ;
#3699=CARTESIAN_POINT('Axis2P3D Location',(-32.,25.,-25.)) ;
#3711=CARTESIAN_POINT('Axis2P3D Location',(-29.5,25.,-25.)) ;
#3716=CARTESIAN_POINT('Line Origine',(-32.5,28.,-25.)) ;
#3720=CARTESIAN_POINT('Vertex',(-33.,28.5,-25.)) ;
#3723=CARTESIAN_POINT('Axis2P3D Location',(-33.,25.,-25.)) ;
#3727=CARTESIAN_POINT('Vertex',(-33.,21.5,-25.)) ;
#3730=CARTESIAN_POINT('Line Origine',(-32.5,22.,-25.)) ;
#3742=CARTESIAN_POINT('Axis2P3D Location',(-29.5,25.,-25.)) ;
#3747=CARTESIAN_POINT('Axis2P3D Location',(-33.,25.,-25.)) ;
#3759=CARTESIAN_POINT('Axis2P3D Location',(-29.5,-25.,-25.)) ;
#3764=CARTESIAN_POINT('Axis2P3D Location',(-32.,-25.,-25.)) ;
#3768=CARTESIAN_POINT('Vertex',(-32.,-27.5,-25.)) ;
#3770=CARTESIAN_POINT('Vertex',(-32.,-22.5,-25.)) ;
#3773=CARTESIAN_POINT('Line Origine',(-29.5,-22.5,-25.)) ;
#3778=CARTESIAN_POINT('Line Origine',(-29.5,-27.5,-25.)) ;
#3790=CARTESIAN_POINT('Axis2P3D Location',(-32.,-25.,-25.)) ;
#3812=CARTESIAN_POINT('Axis2P3D Location',(-33.,-25.,-25.)) ;
#3816=CARTESIAN_POINT('Vertex',(-33.,-28.5,-25.)) ;
#3818=CARTESIAN_POINT('Vertex',(-33.,-21.5,-25.)) ;
#3821=CARTESIAN_POINT('Axis2P3D Location',(-33.,-25.,-25.)) ;
#3847=CARTESIAN_POINT('Axis2P3D Location',(-29.5,-25.,-25.)) ;
#3852=CARTESIAN_POINT('Line Origine',(-32.5,-22.,-25.)) ;
#3857=CARTESIAN_POINT('Line Origine',(-32.5,-28.,-25.)) ;
#3869=CARTESIAN_POINT('Axis2P3D Location',(-29.5,-25.,-25.)) ;
#3881=CARTESIAN_POINT('Axis2P3D Location',(29.5,-25.,25.)) ;
#3886=CARTESIAN_POINT('Axis2P3D Location',(32.,-25.,25.)) ;
#3890=CARTESIAN_POINT('Vertex',(32.,-27.5,25.)) ;
#3892=CARTESIAN_POINT('Vertex',(32.,-22.5,25.)) ;
#3895=CARTESIAN_POINT('Line Origine',(29.5,-22.5,25.)) ;
#3900=CARTESIAN_POINT('Line Origine',(29.5,-27.5,25.)) ;
#3912=CARTESIAN_POINT('Axis2P3D Location',(32.,-25.,25.)) ;
#3924=CARTESIAN_POINT('Axis2P3D Location',(29.5,-25.,25.)) ;
#3929=CARTESIAN_POINT('Line Origine',(32.5,-22.,25.)) ;
#3933=CARTESIAN_POINT('Vertex',(33.,-21.5,25.)) ;
#3936=CARTESIAN_POINT('Axis2P3D Location',(33.,-25.,25.)) ;
#3940=CARTESIAN_POINT('Vertex',(33.,-28.5,25.)) ;
#3943=CARTESIAN_POINT('Line Origine',(32.5,-28.,25.)) ;
#3955=CARTESIAN_POINT('Axis2P3D Location',(29.5,-25.,25.)) ;
#3960=CARTESIAN_POINT('Axis2P3D Location',(33.,-25.,25.)) ;
#3972=CARTESIAN_POINT('Axis2P3D Location',(29.5,25.,25.)) ;
#3977=CARTESIAN_POINT('Axis2P3D Location',(32.,25.,25.)) ;
#3981=CARTESIAN_POINT('Vertex',(32.,27.5,25.)) ;
#3983=CARTESIAN_POINT('Vertex',(32.,22.5,25.)) ;
#3986=CARTESIAN_POINT('Line Origine',(29.5,22.5,25.)) ;
#3991=CARTESIAN_POINT('Line Origine',(29.5,27.5,25.)) ;
#4003=CARTESIAN_POINT('Axis2P3D Location',(32.,25.,25.)) ;
#4015=CARTESIAN_POINT('Axis2P3D Location',(29.5,25.,25.)) ;
#4020=CARTESIAN_POINT('Line Origine',(32.5,22.,25.)) ;
#4024=CARTESIAN_POINT('Vertex',(33.,21.5,25.)) ;
#4027=CARTESIAN_POINT('Axis2P3D Location',(33.,25.,25.)) ;
#4031=CARTESIAN_POINT('Vertex',(33.,28.5,25.)) ;
#4034=CARTESIAN_POINT('Line Origine',(32.5,28.,25.)) ;
#4046=CARTESIAN_POINT('Axis2P3D Location',(29.5,25.,25.)) ;
#4051=CARTESIAN_POINT('Axis2P3D Location',(33.,25.,25.)) ;
#4063=CARTESIAN_POINT('Axis2P3D Location',(29.5,25.,-25.)) ;
#4068=CARTESIAN_POINT('Axis2P3D Location',(32.,25.,-25.)) ;
#4072=CARTESIAN_POINT('Vertex',(32.,27.5,-25.)) ;
#4074=CARTESIAN_POINT('Vertex',(32.,22.5,-25.)) ;
#4077=CARTESIAN_POINT('Line Origine',(29.5,22.5,-25.)) ;
#4082=CARTESIAN_POINT('Line Origine',(29.5,27.5,-25.)) ;
#4094=CARTESIAN_POINT('Axis2P3D Location',(32.,25.,-25.)) ;
#4106=CARTESIAN_POINT('Axis2P3D Location',(29.5,25.,-25.)) ;
#4111=CARTESIAN_POINT('Line Origine',(32.5,22.,-25.)) ;
#4115=CARTESIAN_POINT('Vertex',(33.,21.5,-25.)) ;
#4118=CARTESIAN_POINT('Axis2P3D Location',(33.,25.,-25.)) ;
#4122=CARTESIAN_POINT('Vertex',(33.,28.5,-25.)) ;
#4125=CARTESIAN_POINT('Line Origine',(32.5,28.,-25.)) ;
#4137=CARTESIAN_POINT('Axis2P3D Location',(29.5,25.,-25.)) ;
#4142=CARTESIAN_POINT('Axis2P3D Location',(33.,25.,-25.)) ;
#4154=CARTESIAN_POINT('Axis2P3D Location',(29.5,-25.,-25.)) ;
#4159=CARTESIAN_POINT('Axis2P3D Location',(32.,-25.,-25.)) ;
#4163=CARTESIAN_POINT('Vertex',(32.,-27.5,-25.)) ;
#4165=CARTESIAN_POINT('Vertex',(32.,-22.5,-25.)) ;
#4168=CARTESIAN_POINT('Line Origine',(29.5,-22.5,-25.)) ;
#4173=CARTESIAN_POINT('Line Origine',(29.5,-27.5,-25.)) ;
#4185=CARTESIAN_POINT('Axis2P3D Location',(32.,-25.,-25.)) ;
#4207=CARTESIAN_POINT('Axis2P3D Location',(33.,-25.,-25.)) ;
#4211=CARTESIAN_POINT('Vertex',(33.,-28.5,-25.)) ;
#4213=CARTESIAN_POINT('Vertex',(33.,-21.5,-25.)) ;
#4216=CARTESIAN_POINT('Axis2P3D Location',(33.,-25.,-25.)) ;
#4242=CARTESIAN_POINT('Axis2P3D Location',(29.5,-25.,-25.)) ;
#4247=CARTESIAN_POINT('Line Origine',(32.5,-22.,-25.)) ;
#4252=CARTESIAN_POINT('Line Origine',(32.5,-28.,-25.)) ;
#4264=CARTESIAN_POINT('Axis2P3D Location',(29.5,-25.,-25.)) ;
#4276=CARTESIAN_POINT('Axis2P3D Location',(-14.9540784861,6.97320131872,-32.)) ;
#4280=CARTESIAN_POINT('Vertex',(-12.9540784861,6.97320131872,-32.)) ;
#4282=CARTESIAN_POINT('Vertex',(-16.9540784861,6.97320131872,-32.)) ;
#4285=CARTESIAN_POINT('Line Origine',(-12.9540784861,6.97320131872,0.)) ;
#4290=CARTESIAN_POINT('Line Origine',(-16.9540784861,6.97320131872,0.)) ;
#4302=CARTESIAN_POINT('Axis2P3D Location',(-14.9540784861,6.97320131872,-32.)) ;
#4314=CARTESIAN_POINT('Axis2P3D Location',(-14.9540784861,6.97320131872,-30.)) ;
#4319=CARTESIAN_POINT('Line Origine',(-17.4540784861,6.97320131872,-32.5)) ;
#4323=CARTESIAN_POINT('Vertex',(-17.9540784861,6.97320131872,-33.)) ;
#4326=CARTESIAN_POINT('Line Origine',(-12.4540784861,6.97320131872,-32.5)) ;
#4330=CARTESIAN_POINT('Vertex',(-11.9540784861,6.97320131872,-33.)) ;
#4333=CARTESIAN_POINT('Axis2P3D Location',(-14.9540784861,6.97320131872,-33.)) ;
#4345=CARTESIAN_POINT('Axis2P3D Location',(-14.9540784861,6.97320131872,-30.)) ;
#4350=CARTESIAN_POINT('Axis2P3D Location',(-14.9540784861,6.97320131872,-33.)) ;
#4362=CARTESIAN_POINT('Axis2P3D Location',(-16.5,0.,-32.)) ;
#4366=CARTESIAN_POINT('Vertex',(-18.5,1.31695327386E-013,-32.)) ;
#4368=CARTESIAN_POINT('Vertex',(-14.5,-4.89842541529E-016,-32.)) ;
#4371=CARTESIAN_POINT('Line Origine',(-18.5,1.31695327386E-013,0.)) ;
#4376=CARTESIAN_POINT('Line Origine',(-14.5,-2.63390654773E-013,0.)) ;
#4388=CARTESIAN_POINT('Axis2P3D Location',(-16.5,0.,-32.)) ;
#4400=CARTESIAN_POINT('Axis2P3D Location',(0.,0.,-33.)) ;
#4405=CARTESIAN_POINT('Line Origine',(-19.1846584384,-4.,-33.)) ;
#4420=CARTESIAN_POINT('Axis2P3D Location',(-16.5,4.55813377513E-016,-33.)) ;
#4424=CARTESIAN_POINT('Vertex',(-19.5,1.97998804457E-013,-33.)) ;
#4426=CARTESIAN_POINT('Vertex',(-13.5,-2.7895043478E-016,-33.)) ;
#4429=CARTESIAN_POINT('Axis2P3D Location',(-16.5,4.55813377513E-016,-33.)) ;
#4443=CARTESIAN_POINT('Axis2P3D Location',(-16.5,1.11022302463E-015,-30.)) ;
#4448=CARTESIAN_POINT('Line Origine',(-19.,1.63036251166E-013,-32.5)) ;
#4453=CARTESIAN_POINT('Line Origine',(-14.,-4.99600361081E-016,-32.5)) ;
#4465=CARTESIAN_POINT('Axis2P3D Location',(-16.5,-6.66133814775E-016,-30.)) ;
#4481=CARTESIAN_POINT('Axis2P3D Location',(0.,-2.52121774437E-016,-33.)) ;
#4485=CARTESIAN_POINT('Vertex',(-5.,-4.08071069603E-015,-33.)) ;
#4487=CARTESIAN_POINT('Vertex',(5.,-1.47672812826E-015,-33.)) ;
#4490=CARTESIAN_POINT('Axis2P3D Location',(0.,-2.52121774437E-016,-33.)) ;
#4500=CARTESIAN_POINT('Axis2P3D Location',(0.,0.,-32.)) ;
#4504=CARTESIAN_POINT('Vertex',(-4.,4.89842541529E-016,-32.)) ;
#4506=CARTESIAN_POINT('Vertex',(4.,-8.08511244066E-015,-32.)) ;
#4509=CARTESIAN_POINT('Line Origine',(-4.,4.89842541529E-016,0.)) ;
#4514=CARTESIAN_POINT('Line Origine',(4.,-9.79685083058E-016,0.)) ;
#4526=CARTESIAN_POINT('Axis2P3D Location',(0.,0.,-32.)) ;
#4538=CARTESIAN_POINT('Axis2P3D Location',(-4.4408920985E-016,-1.5886626544E-015,-28.)) ;
#4543=CARTESIAN_POINT('Line Origine',(-4.5,1.42151263841E-015,-32.5)) ;
#4548=CARTESIAN_POINT('Line Origine',(4.5,-8.0153830709E-015,-32.5)) ;
#4560=CARTESIAN_POINT('Axis2P3D Location',(1.99840144433E-015,1.7763568394E-015,-28.)) ;
#4572=CARTESIAN_POINT('Axis2P3D Location',(14.9540784861,6.97320131872,-32.)) ;
#4576=CARTESIAN_POINT('Vertex',(16.9540784861,6.97320131872,-32.)) ;
#4578=CARTESIAN_POINT('Vertex',(12.9540784861,6.97320131872,-32.)) ;
#4581=CARTESIAN_POINT('Line Origine',(16.9540784861,6.97320131872,0.)) ;
#4586=CARTESIAN_POINT('Line Origine',(12.9540784861,6.97320131872,0.)) ;
#4598=CARTESIAN_POINT('Axis2P3D Location',(14.9540784861,6.97320131872,-32.)) ;
#4610=CARTESIAN_POINT('Axis2P3D Location',(14.9540784861,6.97320131872,-30.)) ;
#4615=CARTESIAN_POINT('Line Origine',(12.4540784861,6.97320131872,-32.5)) ;
#4619=CARTESIAN_POINT('Vertex',(11.9540784861,6.97320131872,-33.)) ;
#4622=CARTESIAN_POINT('Line Origine',(17.4540784861,6.97320131872,-32.5)) ;
#4626=CARTESIAN_POINT('Vertex',(17.9540784861,6.97320131872,-33.)) ;
#4629=CARTESIAN_POINT('Axis2P3D Location',(14.9540784861,6.97320131872,-33.)) ;
#4641=CARTESIAN_POINT('Axis2P3D Location',(14.9540784861,6.97320131872,-30.)) ;
#4646=CARTESIAN_POINT('Axis2P3D Location',(14.9540784861,6.97320131872,-33.)) ;
#4658=CARTESIAN_POINT('Axis2P3D Location',(16.5,0.,-32.)) ;
#4662=CARTESIAN_POINT('Vertex',(18.5,-4.89842541529E-016,-32.)) ;
#4664=CARTESIAN_POINT('Vertex',(14.5,2.44921270764E-016,-32.)) ;
#4667=CARTESIAN_POINT('Line Origine',(18.5,0.,0.)) ;
#4672=CARTESIAN_POINT('Line Origine',(14.5,2.44921270764E-016,0.)) ;
#4684=CARTESIAN_POINT('Axis2P3D Location',(16.5,0.,-32.)) ;
#4705=CARTESIAN_POINT('Axis2P3D Location',(16.5,-8.54650082837E-017,-33.)) ;
#4709=CARTESIAN_POINT('Vertex',(13.5,2.81916897863E-016,-33.)) ;
#4711=CARTESIAN_POINT('Vertex',(19.5,-8.20228820577E-016,-33.)) ;
#4714=CARTESIAN_POINT('Axis2P3D Location',(16.5,-8.54650082837E-017,-33.)) ;
#4728=CARTESIAN_POINT('Axis2P3D Location',(16.5,2.13580312403E-015,-30.)) ;
#4733=CARTESIAN_POINT('Line Origine',(14.,-2.50322045134E-015,-32.5)) ;
#4738=CARTESIAN_POINT('Line Origine',(19.,-2.83628735873E-015,-32.5)) ;
#4750=CARTESIAN_POINT('Axis2P3D Location',(16.5,6.66133814775E-016,-30.)) ;
#4762=CARTESIAN_POINT('Axis2P3D Location',(-20.75,0.,-29.5)) ;
#4767=CARTESIAN_POINT('Axis2P3D Location',(-20.75,-3.,-29.5)) ;
#4771=CARTESIAN_POINT('Vertex',(-19.25,-3.,-29.5)) ;
#4773=CARTESIAN_POINT('Vertex',(-22.25,-3.,-29.5)) ;
#4776=CARTESIAN_POINT('Line Origine',(-22.25,0.,-29.5)) ;
#4781=CARTESIAN_POINT('Line Origine',(-19.25,0.,-29.5)) ;
#4794=CARTESIAN_POINT('Axis2P3D Location',(-20.75,-3.,-29.5)) ;
#4814=CARTESIAN_POINT('Axis2P3D Location',(-20.75,-4.,-29.5)) ;
#4818=CARTESIAN_POINT('Vertex',(-23.25,-4.,-29.5)) ;
#4820=CARTESIAN_POINT('Vertex',(-18.25,-4.,-29.5)) ;
#4823=CARTESIAN_POINT('Axis2P3D Location',(-20.75,-4.,-29.5)) ;
#4833=CARTESIAN_POINT('Axis2P3D Location',(-20.75,-1.5,-29.5)) ;
#4838=CARTESIAN_POINT('Line Origine',(-18.75,-3.5,-29.5)) ;
#4843=CARTESIAN_POINT('Line Origine',(-22.75,-3.5,-29.5)) ;
#4855=CARTESIAN_POINT('Axis2P3D Location',(-20.75,-1.5,-29.5)) ;
#53=DIRECTION('Axis2P3D Direction',(0.,0.,1.)) ;
#54=DIRECTION('Axis2P3D XDirection',(0.980778988433,0.19512195122,0.)) ;
#58=DIRECTION('Vector Direction',(0.,0.,1.)) ;
#67=DIRECTION('Axis2P3D Direction',(0.,0.,1.)) ;
#74=DIRECTION('Vector Direction',(0.,0.,1.)) ;
#90=DIRECTION('Vector Direction',(0.,0.,1.)) ;
#143=DIRECTION('Axis2P3D Direction',(0.,0.,1.)) ;
#144=DIRECTION('Axis2P3D XDirection',(0.707106781187,0.707106781187,0.)) ;
#148=DIRECTION('Axis2P3D Direction',(0.,0.,1.)) ;
#155=DIRECTION('Vector Direction',(0.,0.,1.)) ;
#189=DIRECTION('Axis2P3D Direction',(-1.,0.,0.)) ;
#190=DIRECTION('Axis2P3D XDirection',(0.,0.479425538604,0.87758256189)) ;
#194=DIRECTION('Vector Direction',(-1.,0.,0.)) ;
#201=DIRECTION('Axis2P3D Direction',(-1.,0.,0.)) ;
#208=DIRECTION('Vector Direction',(-1.,0.,0.)) ;
#221=DIRECTION('Axis2P3D Direction',(-1.,0.,0.)) ;
#222=DIRECTION('Axis2P3D XDirection',(0.,1.,0.)) ;
#226=DIRECTION('Vector Direction',(0.,0.,-1.)) ;
#235=DIRECTION('Vector Direction',(0.,-1.,0.)) ;
#242=DIRECTION('Vector Direction',(0.,0.,-1.)) ;
#249=DIRECTION('Vector Direction',(0.,-1.,0.)) ;
#261=DIRECTION('Axis2P3D Direction',(-1.,0.,0.)) ;
#270=DIRECTION('Axis2P3D Direction',(-1.,0.,0.)) ;
#277=DIRECTION('Vector Direction',(0.,0.,-1.)) ;
#282=DIRECTION('Vector Direction',(0.,-1.,0.)) ;
#289=DIRECTION('Axis2P3D Direction',(-1.,0.,0.)) ;
#296=DIRECTION('Vector Direction',(0.,0.,-1.)) ;
#303=DIRECTION('Axis2P3D Direction',(-1.,0.,0.)) ;
#310=DIRECTION('Vector Direction',(0.,1.,0.)) ;
#317=DIRECTION('Vector Direction',(0.,0.,-1.)) ;
#333=DIRECTION('Axis2P3D Direction',(-1.,0.,0.)) ;
#342=DIRECTION('Axis2P3D Direction',(-1.,0.,0.)) ;
#351=DIRECTION('Axis2P3D Direction',(-1.,0.,0.)) ;
#360=DIRECTION('Axis2P3D Direction',(-1.,0.,0.)) ;
#370=DIRECTION('Vector Direction',(-1.,0.,0.)) ;
#377=DIRECTION('Axis2P3D Direction',(-1.,0.,0.)) ;
#384=DIRECTION('Vector Direction',(-1.,0.,0.)) ;
#417=DIRECTION('Vector Direction',(-1.,0.,0.)) ;
#451=DIRECTION('Vector Direction',(-1.,0.,0.)) ;
#485=DIRECTION('Vector Direction',(-1.,0.,0.)) ;
#551=DIRECTION('Axis2P3D Direction',(-0.707106781187,-0.707106781187,-0.)) ;
#552=DIRECTION('Axis2P3D XDirection',(-0.707106781187,0.707106781187,0.)) ;
#564=DIRECTION('Vector Direction',(-0.707106781187,0.707106781187,0.)) ;
#571=DIRECTION('Vector Direction',(0.,0.,-1.)) ;
#584=DIRECTION('Axis2P3D Direction',(-1.,0.,0.)) ;
#610=DIRECTION('Axis2P3D Direction',(-1.,0.,0.)) ;
#615=DIRECTION('Vector Direction',(-1.,0.,0.)) ;
#671=DIRECTION('Vector Direction',(-1.,0.,0.)) ;
#789=DIRECTION('Vector Direction',(-1.,0.,0.)) ;
#813=DIRECTION('Axis2P3D Direction',(-1.,0.,0.)) ;
#814=DIRECTION('Axis2P3D XDirection',(0.,1.,0.)) ;
#818=DIRECTION('Vector Direction',(0.,0.,-1.)) ;
#827=DIRECTION('Axis2P3D Direction',(-1.,0.,0.)) ;
#834=DIRECTION('Vector Direction',(0.,-1.,0.)) ;
#841=DIRECTION('Axis2P3D Direction',(-1.,0.,0.)) ;
#848=DIRECTION('Vector Direction',(0.,0.,1.)) ;
#855=DIRECTION('Axis2P3D Direction',(-1.,0.,0.)) ;
#862=DIRECTION('Vector Direction',(0.,1.,0.)) ;
#869=DIRECTION('Axis2P3D Direction',(-1.,0.,0.)) ;
#888=DIRECTION('Axis2P3D Direction',(-1.,0.,0.)) ;
#897=DIRECTION('Axis2P3D Direction',(-1.,0.,0.)) ;
#906=DIRECTION('Axis2P3D Direction',(-1.,0.,0.)) ;
#915=DIRECTION('Axis2P3D Direction',(-1.,0.,0.)) ;
#924=DIRECTION('Axis2P3D Direction',(-1.,0.,0.)) ;
#933=DIRECTION('Axis2P3D Direction',(-1.,0.,0.)) ;
#942=DIRECTION('Axis2P3D Direction',(-1.,0.,0.)) ;
#951=DIRECTION('Axis2P3D Direction',(-1.,0.,0.)) ;
#961=DIRECTION('Axis2P3D Direction',(0.,0.,1.)) ;
#962=DIRECTION('Axis2P3D XDirection',(0.779406506271,0.626518553582,0.)) ;
#966=DIRECTION('Vector Direction',(0.,0.,1.)) ;
#973=DIRECTION('Axis2P3D Direction',(0.,0.,1.)) ;
#980=DIRECTION('Vector Direction',(0.,0.,1.)) ;
#993=DIRECTION('Axis2P3D Direction',(0.,0.,1.)) ;
#1000=DIRECTION('Vector Direction',(0.,0.,1.)) ;
#1012=DIRECTION('Axis2P3D Direction',(-0.,-1.,-0.)) ;
#1013=DIRECTION('Axis2P3D XDirection',(-1.,0.,0.)) ;
#1017=DIRECTION('Vector Direction',(0.,0.,-1.)) ;
#1024=DIRECTION('Vector Direction',(1.,0.,0.)) ;
#1031=DIRECTION('Vector Direction',(0.,0.,-1.)) ;
#1043=DIRECTION('Axis2P3D Direction',(0.,0.,1.)) ;
#1044=DIRECTION('Axis2P3D XDirection',(0.795074105546,-0.606512297229,0.)) ;
#1048=DIRECTION('Axis2P3D Direction',(0.,0.,1.)) ;
#1055=DIRECTION('Vector Direction',(0.,0.,1.)) ;
#1067=DIRECTION('Vector Direction',(0.,0.,1.)) ;
#1074=DIRECTION('Axis2P3D Direction',(0.,0.,1.)) ;
#1081=DIRECTION('Vector Direction',(0.,0.,1.)) ;
#1093=DIRECTION('Vector Direction',(0.,0.,1.)) ;
#1100=DIRECTION('Axis2P3D Direction',(0.,0.,1.)) ;
#1107=DIRECTION('Vector Direction',(0.,0.,1.)) ;
#1160=DIRECTION('Axis2P3D Direction',(0.,0.,1.)) ;
#1161=DIRECTION('Axis2P3D XDirection',(1.,0.,0.)) ;
#1165=DIRECTION('Vector Direction',(0.,0.,1.)) ;
#1172=DIRECTION('Axis2P3D Direction',(0.,0.,1.)) ;
#1179=DIRECTION('Vector Direction',(0.,0.,1.)) ;
#1191=DIRECTION('Axis2P3D Direction',(0.,0.,1.)) ;
#1203=DIRECTION('Axis2P3D Direction',(-0.707106781187,0.707106781187,0.)) ;
#1204=DIRECTION('Axis2P3D XDirection',(0.707106781187,0.707106781187,0.)) ;
#1208=DIRECTION('Vector Direction',(0.,0.,-1.)) ;
#1215=DIRECTION('Vector Direction',(0.707106781187,0.707106781187,0.)) ;
#1222=DIRECTION('Vector Direction',(0.,0.,-1.)) ;
#1234=DIRECTION('Axis2P3D Direction',(0.,0.,1.)) ;
#1235=DIRECTION('Axis2P3D XDirection',(-0.707106781187,0.707106781187,0.)) ;
#1239=DIRECTION('Axis2P3D Direction',(0.,0.,1.)) ;
#1246=DIRECTION('Vector Direction',(0.,0.,1.)) ;
#1258=DIRECTION('Axis2P3D Direction',(0.,0.,1.)) ;
#1259=DIRECTION('Axis2P3D XDirection',(0.951485913604,-0.307692307692,0.)) ;
#1263=DIRECTION('Axis2P3D Direction',(0.,0.,1.)) ;
#1270=DIRECTION('Vector Direction',(0.,0.,1.)) ;
#1282=DIRECTION('Axis2P3D Direction',(0.,0.,1.)) ;
#1283=DIRECTION('Axis2P3D XDirection',(0.980778988433,-0.19512195122,0.)) ;
#1287=DIRECTION('Vector Direction',(0.,0.,1.)) ;
#1294=DIRECTION('Axis2P3D Direction',(0.,0.,1.)) ;
#1301=DIRECTION('Vector Direction',(0.,0.,1.)) ;
#1313=DIRECTION('Axis2P3D Direction',(1.,0.,-0.)) ;
#1314=DIRECTION('Axis2P3D XDirection',(0.,1.,0.)) ;
#1318=DIRECTION('Vector Direction',(1.,0.,0.)) ;
#1327=DIRECTION('Axis2P3D Direction',(1.,0.,-0.)) ;
#1334=DIRECTION('Vector Direction',(1.,0.,0.)) ;
#1341=DIRECTION('Axis2P3D Direction',(1.,0.,-0.)) ;
#1353=DIRECTION('Axis2P3D Direction',(0.,-1.,0.)) ;
#1354=DIRECTION('Axis2P3D XDirection',(0.,0.,-1.)) ;
#1358=DIRECTION('Vector Direction',(0.,0.,1.)) ;
#1365=DIRECTION('Vector Direction',(-1.,0.,0.)) ;
#1372=DIRECTION('Vector Direction',(0.,0.,1.)) ;
#1384=DIRECTION('Axis2P3D Direction',(-1.,-0.,0.)) ;
#1385=DIRECTION('Axis2P3D XDirection',(0.,1.,1.22460635382E-016)) ;
#1389=DIRECTION('Axis2P3D Direction',(-1.,-0.,0.)) ;
#1396=DIRECTION('Vector Direction',(-1.,0.,0.)) ;
#1403=DIRECTION('Axis2P3D Direction',(-1.,-0.,0.)) ;
#1415=DIRECTION('Axis2P3D Direction',(1.,0.,-0.)) ;
#1416=DIRECTION('Axis2P3D XDirection',(0.,1.,0.)) ;
#1420=DIRECTION('Vector Direction',(1.,0.,0.)) ;
#1429=DIRECTION('Axis2P3D Direction',(1.,0.,-0.)) ;
#1436=DIRECTION('Vector Direction',(1.,0.,0.)) ;
#1443=DIRECTION('Axis2P3D Direction',(1.,0.,-0.)) ;
#1450=DIRECTION('Vector Direction',(1.,0.,0.)) ;
#1457=DIRECTION('Axis2P3D Direction',(1.,0.,-0.)) ;
#1663=DIRECTION('Axis2P3D Direction',(1.,0.,-0.)) ;
#1664=DIRECTION('Axis2P3D XDirection',(0.,1.,0.)) ;
#1668=DIRECTION('Axis2P3D Direction',(1.,0.,-0.)) ;
#1677=DIRECTION('Axis2P3D Direction',(1.,0.,-0.)) ;
#1686=DIRECTION('Axis2P3D Direction',(1.,0.,-0.)) ;
#1695=DIRECTION('Axis2P3D Direction',(1.,0.,-0.)) ;
#1705=DIRECTION('Axis2P3D Direction',(1.,0.,-0.)) ;
#1706=DIRECTION('Axis2P3D XDirection',(0.,1.,0.)) ;
#1710=DIRECTION('Axis2P3D Direction',(1.,0.,-0.)) ;
#1719=DIRECTION('Vector Direction',(1.,0.,0.)) ;
#1724=DIRECTION('Vector Direction',(1.,0.,0.)) ;
#1736=DIRECTION('Axis2P3D Direction',(1.,0.,-0.)) ;
#1748=DIRECTION('Axis2P3D Direction',(-1.,0.,0.)) ;
#1749=DIRECTION('Axis2P3D XDirection',(0.,-1.,0.)) ;
#1753=DIRECTION('Axis2P3D Direction',(-1.,0.,0.)) ;
#1762=DIRECTION('Vector Direction',(-1.,0.,0.)) ;
#1769=DIRECTION('Axis2P3D Direction',(-1.,0.,0.)) ;
#1776=DIRECTION('Vector Direction',(-1.,0.,0.)) ;
#1788=DIRECTION('Axis2P3D Direction',(-1.,0.,0.)) ;
#1793=DIRECTION('Axis2P3D Direction',(-1.,0.,0.)) ;
#1805=DIRECTION('Axis2P3D Direction',(1.,0.,-0.)) ;
#1806=DIRECTION('Axis2P3D XDirection',(0.,1.,0.)) ;
#1810=DIRECTION('Axis2P3D Direction',(1.,0.,-0.)) ;
#1819=DIRECTION('Axis2P3D Direction',(1.,0.,-0.)) ;
#1833=DIRECTION('Axis2P3D Direction',(-1.,0.,0.)) ;
#1834=DIRECTION('Axis2P3D XDirection',(0.,-1.,0.)) ;
#1838=DIRECTION('Axis2P3D Direction',(-1.,0.,0.)) ;
#1847=DIRECTION('Axis2P3D Direction',(-1.,0.,0.)) ;
#1861=DIRECTION('Axis2P3D Direction',(1.,0.,-0.)) ;
#1868=DIRECTION('Vector Direction',(1.,0.,0.)) ;
#1873=DIRECTION('Vector Direction',(1.,0.,0.)) ;
#1886=DIRECTION('Axis2P3D Direction',(-1.,-0.,0.)) ;
#1887=DIRECTION('Axis2P3D XDirection',(0.,-1.,-0.)) ;
#1895=DIRECTION('Axis2P3D Direction',(-1.,-0.,0.)) ;
#1905=DIRECTION('Vector Direction',(1.,0.,0.)) ;
#2119=DIRECTION('Axis2P3D Direction',(1.,0.,-0.)) ;
#2120=DIRECTION('Axis2P3D XDirection',(0.,1.,0.)) ;
#2124=DIRECTION('Vector Direction',(1.,0.,0.)) ;
#2131=DIRECTION('Axis2P3D Direction',(1.,0.,-0.)) ;
#2138=DIRECTION('Vector Direction',(1.,0.,0.)) ;
#2150=DIRECTION('Axis2P3D Direction',(1.,0.,-0.)) ;
#2162=DIRECTION('Vector Direction',(0.,0.,-1.)) ;
#2171=DIRECTION('Vector Direction',(0.,-1.,0.)) ;
#2178=DIRECTION('Vector Direction',(0.,0.,-1.)) ;
#2183=DIRECTION('Vector Direction',(0.,1.,0.)) ;
#2195=DIRECTION('Axis2P3D Direction',(-1.,0.,0.)) ;
#2196=DIRECTION('Axis2P3D XDirection',(0.,-1.,0.)) ;
#2200=DIRECTION('Vector Direction',(-1.,0.,0.)) ;
#2207=DIRECTION('Axis2P3D Direction',(-1.,0.,0.)) ;
#2214=DIRECTION('Vector Direction',(-1.,0.,0.)) ;
#2226=DIRECTION('Axis2P3D Direction',(-1.,0.,0.)) ;
#2238=DIRECTION('Vector Direction',(1.,0.,0.)) ;
#2245=DIRECTION('Vector Direction',(1.,0.,0.)) ;
#2252=DIRECTION('Vector Direction',(0.,0.,-1.)) ;
#2264=DIRECTION('Axis2P3D Direction',(1.,0.,-0.)) ;
#2265=DIRECTION('Axis2P3D XDirection',(0.,7.04487466627E-016,-1.)) ;
#2269=DIRECTION('Vector Direction',(1.,0.,0.)) ;
#2276=DIRECTION('Axis2P3D Direction',(1.,0.,-0.)) ;
#2288=DIRECTION('Axis2P3D Direction',(-0.,0.,1.)) ;
#2289=DIRECTION('Axis2P3D XDirection',(0.,-1.,0.)) ;
#2293=DIRECTION('Vector Direction',(1.,0.,0.)) ;
#2300=DIRECTION('Vector Direction',(0.,-1.,0.)) ;
#2312=DIRECTION('Axis2P3D Direction',(1.,0.,-0.)) ;
#2313=DIRECTION('Axis2P3D XDirection',(-0.,-1.,-3.21628574468E-016)) ;
#2317=DIRECTION('Vector Direction',(1.,0.,0.)) ;
#2324=DIRECTION('Axis2P3D Direction',(1.,0.,-0.)) ;
#2336=DIRECTION('Axis2P3D Direction',(0.,1.,0.)) ;
#2337=DIRECTION('Axis2P3D XDirection',(0.,0.,1.)) ;
#2341=DIRECTION('Vector Direction',(1.,0.,0.)) ;
#2348=DIRECTION('Vector Direction',(0.,0.,1.)) ;
#2360=DIRECTION('Axis2P3D Direction',(1.,0.,-0.)) ;
#2361=DIRECTION('Axis2P3D XDirection',(0.,-6.04903497084E-016,1.)) ;
#2365=DIRECTION('Vector Direction',(1.,0.,0.)) ;
#2372=DIRECTION('Axis2P3D Direction',(1.,0.,-0.)) ;
#2384=DIRECTION('Axis2P3D Direction',(0.,0.,-1.)) ;
#2385=DIRECTION('Axis2P3D XDirection',(0.,1.,0.)) ;
#2389=DIRECTION('Vector Direction',(1.,0.,0.)) ;
#2396=DIRECTION('Vector Direction',(0.,1.,0.)) ;
#2408=DIRECTION('Axis2P3D Direction',(1.,0.,-0.)) ;
#2420=DIRECTION('Vector Direction',(1.,0.,0.)) ;
#2432=DIRECTION('Vector Direction',(0.,0.,1.)) ;
#2439=DIRECTION('Axis2P3D Direction',(0.,0.,1.)) ;
#2451=DIRECTION('Axis2P3D Direction',(0.,0.,1.)) ;
#2463=DIRECTION('Axis2P3D Direction',(-0.,-1.,-0.)) ;
#2464=DIRECTION('Axis2P3D XDirection',(-1.,0.,0.)) ;
#2468=DIRECTION('Axis2P3D Direction',(-0.,-1.,-0.)) ;
#2475=DIRECTION('Axis2P3D Direction',(-0.,-1.,-0.)) ;
#2480=DIRECTION('Vector Direction',(-1.,0.,0.)) ;
#2485=DIRECTION('Vector Direction',(0.,0.,-1.)) ;
#2501=DIRECTION('Vector Direction',(0.,0.,-1.)) ;
#2508=DIRECTION('Vector Direction',(-0.707106781187,0.707106781187,0.)) ;
#2520=DIRECTION('Vector Direction',(0.,0.,1.)) ;
#2527=DIRECTION('Axis2P3D Direction',(0.,0.,1.)) ;
#2539=DIRECTION('Axis2P3D Direction',(0.,0.,1.)) ;
#2540=DIRECTION('Axis2P3D XDirection',(-0.795074105546,0.606512297229,0.)) ;
#2544=DIRECTION('Vector Direction',(0.,0.,1.)) ;
#2551=DIRECTION('Axis2P3D Direction',(0.,0.,1.)) ;
#2563=DIRECTION('Vector Direction',(0.,0.,1.)) ;
#2570=DIRECTION('Axis2P3D Direction',(0.,0.,1.)) ;
#2577=DIRECTION('Vector Direction',(0.,0.,1.)) ;
#2589=DIRECTION('Axis2P3D Direction',(0.,0.,1.)) ;
#2601=DIRECTION('Vector Direction',(0.,0.,-1.)) ;
#2608=DIRECTION('Vector Direction',(0.707106781187,0.707106781187,0.)) ;
#2621=DIRECTION('Vector Direction',(0.,0.,1.)) ;
#2628=DIRECTION('Axis2P3D Direction',(0.,0.,1.)) ;
#2640=DIRECTION('Axis2P3D Direction',(0.,0.,1.)) ;
#2652=DIRECTION('Axis2P3D Direction',(0.,0.,1.)) ;
#2664=DIRECTION('Vector Direction',(1.,0.,0.)) ;
#2671=DIRECTION('Vector Direction',(1.,0.,0.)) ;
#2678=DIRECTION('Axis2P3D Direction',(1.,0.,-0.)) ;
#2690=DIRECTION('Vector Direction',(-1.,0.,0.)) ;
#2697=DIRECTION('Vector Direction',(0.,0.,-1.)) ;
#2709=DIRECTION('Axis2P3D Direction',(-1.,-0.,0.)) ;
#2710=DIRECTION('Axis2P3D XDirection',(0.,-7.04487466627E-016,-1.)) ;
#2714=DIRECTION('Vector Direction',(-1.,0.,0.)) ;
#2721=DIRECTION('Axis2P3D Direction',(-1.,-0.,0.)) ;
#2733=DIRECTION('Vector Direction',(0.,1.,0.)) ;
#2738=DIRECTION('Vector Direction',(0.,1.,0.)) ;
#2752=DIRECTION('Vector Direction',(0.,-1.,0.)) ;
#2757=DIRECTION('Vector Direction',(0.,-1.,0.)) ;
#2771=DIRECTION('Vector Direction',(0.,0.,-1.)) ;
#2787=DIRECTION('Axis2P3D Direction',(-1.,0.,0.)) ;
#2796=DIRECTION('Axis2P3D Direction',(-1.,0.,0.)) ;
#2805=DIRECTION('Axis2P3D Direction',(-1.,0.,0.)) ;
#2814=DIRECTION('Axis2P3D Direction',(-1.,0.,0.)) ;
#2824=DIRECTION('Axis2P3D Direction',(0.,0.,1.)) ;
#2831=DIRECTION('Vector Direction',(0.,0.,1.)) ;
#2843=DIRECTION('Axis2P3D Direction',(-0.,-1.,-0.)) ;
#2850=DIRECTION('Axis2P3D Direction',(-0.,-1.,-0.)) ;
#2855=DIRECTION('Vector Direction',(-1.,0.,0.)) ;
#2871=DIRECTION('Axis2P3D Direction',(0.,0.,1.)) ;
#2872=DIRECTION('Axis2P3D XDirection',(1.,0.,0.)) ;
#2876=DIRECTION('Axis2P3D Direction',(0.,0.,1.)) ;
#2885=DIRECTION('Vector Direction',(0.,0.,1.)) ;
#2890=DIRECTION('Vector Direction',(0.,0.,1.)) ;
#2902=DIRECTION('Axis2P3D Direction',(0.,0.,1.)) ;
#2914=DIRECTION('Axis2P3D Direction',(-0.,2.22044604925E-016,1.)) ;
#2915=DIRECTION('Axis2P3D XDirection',(1.,0.,0.)) ;
#2919=DIRECTION('Vector Direction',(0.707106781187,1.57009245868E-016,0.707106781187)) ;
#2926=DIRECTION('Axis2P3D Direction',(-0.,2.22044604925E-016,1.)) ;
#2933=DIRECTION('Vector Direction',(-0.707106781187,4.76603942438E-014,0.707106781187)) ;
#2945=DIRECTION('Axis2P3D Direction',(-0.,-2.22044604925E-016,1.)) ;
#2946=DIRECTION('Axis2P3D XDirection',(-0.5,0.866025403784,1.31708901597E-016)) ;
#2950=DIRECTION('Axis2P3D Direction',(-9.61481343192E-017,-5.55111512313E-017,1.)) ;
#2962=DIRECTION('Axis2P3D Direction',(0.,0.,1.)) ;
#2963=DIRECTION('Axis2P3D XDirection',(1.,0.,0.)) ;
#2967=DIRECTION('Axis2P3D Direction',(0.,0.,1.)) ;
#2976=DIRECTION('Vector Direction',(0.,0.,1.)) ;
#2981=DIRECTION('Vector Direction',(0.,0.,1.)) ;
#2993=DIRECTION('Axis2P3D Direction',(0.,0.,1.)) ;
#3005=DIRECTION('Axis2P3D Direction',(0.,0.,1.)) ;
#3006=DIRECTION('Axis2P3D XDirection',(1.,0.,0.)) ;
#3010=DIRECTION('Vector Direction',(-1.,0.,0.)) ;
#3025=DIRECTION('Axis2P3D Direction',(0.,0.,1.)) ;
#3034=DIRECTION('Axis2P3D Direction',(0.,0.,1.)) ;
#3048=DIRECTION('Axis2P3D Direction',(-0.,1.7763568394E-015,1.)) ;
#3049=DIRECTION('Axis2P3D XDirection',(-0.5,0.866025403784,-1.58050681916E-015)) ;
#3053=DIRECTION('Vector Direction',(-0.707106781187,3.14018491737E-015,0.707106781187)) ;
#3058=DIRECTION('Vector Direction',(0.707106781187,1.25607396695E-015,0.707106781187)) ;
#3070=DIRECTION('Axis2P3D Direction',(-0.,8.881784197E-016,1.)) ;
#3071=DIRECTION('Axis2P3D XDirection',(1.,-2.9605952298E-016,0.)) ;
#3082=DIRECTION('Axis2P3D Direction',(0.,0.,1.)) ;
#3083=DIRECTION('Axis2P3D XDirection',(1.,0.,0.)) ;
#3087=DIRECTION('Axis2P3D Direction',(0.,0.,1.)) ;
#3096=DIRECTION('Vector Direction',(0.,0.,1.)) ;
#3101=DIRECTION('Vector Direction',(0.,0.,1.)) ;
#3113=DIRECTION('Axis2P3D Direction',(0.,0.,1.)) ;
#3129=DIRECTION('Axis2P3D Direction',(0.,0.,1.)) ;
#3138=DIRECTION('Axis2P3D Direction',(0.,0.,1.)) ;
#3148=DIRECTION('Axis2P3D Direction',(-4.4408920985E-016,-4.4408920985E-016,1.)) ;
#3149=DIRECTION('Axis2P3D XDirection',(1.,8.881784197E-017,3.9512670479E-016)) ;
#3153=DIRECTION('Vector Direction',(0.707106781187,-2.51214793389E-016,0.707106781187)) ;
#3158=DIRECTION('Vector Direction',(-0.707106781187,-1.23228491959E-015,0.707106781187)) ;
#3170=DIRECTION('Axis2P3D Direction',(-0.,3.15891697424E-016,1.)) ;
#3171=DIRECTION('Axis2P3D XDirection',(-0.5,0.866025403784,-2.63417803193E-016)) ;
#3182=DIRECTION('Axis2P3D Direction',(0.,0.,1.)) ;
#3183=DIRECTION('Axis2P3D XDirection',(1.,0.,0.)) ;
#3187=DIRECTION('Axis2P3D Direction',(0.,0.,1.)) ;
#3196=DIRECTION('Vector Direction',(0.,0.,1.)) ;
#3201=DIRECTION('Vector Direction',(0.,0.,1.)) ;
#3213=DIRECTION('Axis2P3D Direction',(0.,0.,1.)) ;
#3225=DIRECTION('Axis2P3D Direction',(-0.,-4.4408920985E-016,1.)) ;
#3226=DIRECTION('Axis2P3D XDirection',(1.,2.22044604925E-016,0.)) ;
#3230=DIRECTION('Vector Direction',(0.707106781187,-1.57009245868E-016,0.707106781187)) ;
#3237=DIRECTION('Axis2P3D Direction',(9.86076131526E-032,-4.4408920985E-016,1.)) ;
#3244=DIRECTION('Vector Direction',(-0.707106781187,-7.04165001612E-017,0.707106781187)) ;
#3256=DIRECTION('Axis2P3D Direction',(-0.,-7.34834654627E-016,1.)) ;
#3257=DIRECTION('Axis2P3D XDirection',(-0.5,0.866025403784,6.58544507983E-016)) ;
#3261=DIRECTION('Axis2P3D Direction',(-3.18192739244E-016,-1.83708663657E-016,1.)) ;
#3273=DIRECTION('Axis2P3D Direction',(0.,0.,1.)) ;
#3274=DIRECTION('Axis2P3D XDirection',(1.,0.,0.)) ;
#3278=DIRECTION('Axis2P3D Direction',(0.,0.,1.)) ;
#3287=DIRECTION('Vector Direction',(0.,0.,1.)) ;
#3292=DIRECTION('Vector Direction',(0.,0.,1.)) ;
#3304=DIRECTION('Axis2P3D Direction',(0.,0.,1.)) ;
#3325=DIRECTION('Axis2P3D Direction',(0.,0.,1.)) ;
#3334=DIRECTION('Axis2P3D Direction',(0.,0.,1.)) ;
#3348=DIRECTION('Axis2P3D Direction',(1.7763568394E-015,8.881784197E-016,1.)) ;
#3349=DIRECTION('Axis2P3D XDirection',(1.,-2.9605952298E-016,-1.71221572076E-015)) ;
#3353=DIRECTION('Vector Direction',(0.707106781187,6.28036983474E-016,0.707106781187)) ;
#3358=DIRECTION('Vector Direction',(-0.707106781187,0.,0.707106781187)) ;
#3370=DIRECTION('Axis2P3D Direction',(1.7763568394E-015,8.881784197E-016,1.)) ;
#3371=DIRECTION('Axis2P3D XDirection',(-0.5,0.866025403784,1.31708901597E-016)) ;
#3382=DIRECTION('Axis2P3D Direction',(0.,1.,0.)) ;
#3383=DIRECTION('Axis2P3D XDirection',(-1.,0.,0.)) ;
#3387=DIRECTION('Axis2P3D Direction',(0.,1.,0.)) ;
#3396=DIRECTION('Vector Direction',(0.,1.,0.)) ;
#3401=DIRECTION('Vector Direction',(0.,1.,0.)) ;
#3421=DIRECTION('Axis2P3D Direction',(-0.,-1.,-0.)) ;
#3430=DIRECTION('Axis2P3D Direction',(-0.,-1.,-0.)) ;
#3440=DIRECTION('Axis2P3D Direction',(0.,1.,0.)) ;
#3453=DIRECTION('Axis2P3D Direction',(-0.,-1.,-0.)) ;
#3454=DIRECTION('Axis2P3D XDirection',(0.5,0.,-0.866025403784)) ;
#3458=DIRECTION('Vector Direction',(0.707106781187,-0.707106781187,-2.51214793389E-015)) ;
#3463=DIRECTION('Vector Direction',(-0.707106781187,-0.707106781187,5.02429586779E-015)) ;
#3475=DIRECTION('Axis2P3D Direction',(-0.,-1.,-3.5527136788E-015)) ;
#3476=DIRECTION('Axis2P3D XDirection',(-1.,0.,1.42108540884E-015)) ;
#3487=DIRECTION('Axis2P3D Direction',(-1.,-0.,0.)) ;
#3488=DIRECTION('Axis2P3D XDirection',(0.,1.,1.22460635382E-016)) ;
#3492=DIRECTION('Axis2P3D Direction',(-1.,-0.,0.)) ;
#3501=DIRECTION('Vector Direction',(-1.,0.,0.)) ;
#3506=DIRECTION('Vector Direction',(-1.,0.,0.)) ;
#3518=DIRECTION('Axis2P3D Direction',(-1.,-0.,0.)) ;
#3530=DIRECTION('Axis2P3D Direction',(-1.,-0.,-0.)) ;
#3531=DIRECTION('Axis2P3D XDirection',(0.,1.,0.)) ;
#3535=DIRECTION('Vector Direction',(-0.707106781187,0.707106781187,0.)) ;
#3542=DIRECTION('Axis2P3D Direction',(-1.,0.,0.)) ;
#3549=DIRECTION('Vector Direction',(-0.707106781187,-0.707106781187,2.51214793389E-015)) ;
#3561=DIRECTION('Axis2P3D Direction',(-1.,-0.,3.5527136788E-015)) ;
#3562=DIRECTION('Axis2P3D XDirection',(-3.02930473672E-015,-0.5,-0.866025403784)) ;
#3566=DIRECTION('Axis2P3D Direction',(-1.,-1.53837014911E-015,8.881784197E-016)) ;
#3578=DIRECTION('Axis2P3D Direction',(-1.,-0.,0.)) ;
#3579=DIRECTION('Axis2P3D XDirection',(0.,-1.,0.)) ;
#3583=DIRECTION('Axis2P3D Direction',(-1.,-0.,0.)) ;
#3592=DIRECTION('Vector Direction',(-1.,0.,0.)) ;
#3597=DIRECTION('Vector Direction',(-1.,0.,0.)) ;
#3609=DIRECTION('Axis2P3D Direction',(-1.,-0.,0.)) ;
#3621=DIRECTION('Axis2P3D Direction',(-1.,3.5527136788E-015,-0.)) ;
#3622=DIRECTION('Axis2P3D XDirection',(1.71221572076E-015,0.5,0.866025403784)) ;
#3626=DIRECTION('Vector Direction',(-0.707106781187,0.707106781187,2.51214793389E-015)) ;
#3633=DIRECTION('Axis2P3D Direction',(-1.,2.6645352591E-015,-1.53837014911E-015)) ;
#3640=DIRECTION('Vector Direction',(-0.707106781187,-0.707106781187,0.)) ;
#3652=DIRECTION('Axis2P3D Direction',(-1.,-0.,-0.)) ;
#3653=DIRECTION('Axis2P3D XDirection',(0.,-1.,0.)) ;
#3657=DIRECTION('Axis2P3D Direction',(-1.,-0.,0.)) ;
#3669=DIRECTION('Axis2P3D Direction',(-1.,-0.,0.)) ;
#3670=DIRECTION('Axis2P3D XDirection',(0.,-1.,0.)) ;
#3674=DIRECTION('Axis2P3D Direction',(-1.,-0.,0.)) ;
#3683=DIRECTION('Vector Direction',(-1.,0.,0.)) ;
#3688=DIRECTION('Vector Direction',(-1.,0.,0.)) ;
#3700=DIRECTION('Axis2P3D Direction',(-1.,-0.,0.)) ;
#3712=DIRECTION('Axis2P3D Direction',(-1.,3.5527136788E-015,-0.)) ;
#3713=DIRECTION('Axis2P3D XDirection',(1.71221572076E-015,0.5,0.866025403784)) ;
#3717=DIRECTION('Vector Direction',(-0.707106781187,0.707106781187,-2.51214793389E-015)) ;
#3724=DIRECTION('Axis2P3D Direction',(-1.,2.6645352591E-015,-1.53837014911E-015)) ;
#3731=DIRECTION('Vector Direction',(-0.707106781187,-0.707106781187,0.)) ;
#3743=DIRECTION('Axis2P3D Direction',(-1.,-0.,-0.)) ;
#3744=DIRECTION('Axis2P3D XDirection',(0.,-1.,0.)) ;
#3748=DIRECTION('Axis2P3D Direction',(-1.,-0.,0.)) ;
#3760=DIRECTION('Axis2P3D Direction',(-1.,-0.,0.)) ;
#3761=DIRECTION('Axis2P3D XDirection',(0.,1.,1.22460635382E-016)) ;
#3765=DIRECTION('Axis2P3D Direction',(-1.,-0.,0.)) ;
#3774=DIRECTION('Vector Direction',(-1.,0.,0.)) ;
#3779=DIRECTION('Vector Direction',(-1.,0.,0.)) ;
#3791=DIRECTION('Axis2P3D Direction',(-1.,-0.,0.)) ;
#3813=DIRECTION('Axis2P3D Direction',(-1.,-0.,0.)) ;
#3822=DIRECTION('Axis2P3D Direction',(-1.,-0.,0.)) ;
#3848=DIRECTION('Axis2P3D Direction',(-1.,-0.,-0.)) ;
#3849=DIRECTION('Axis2P3D XDirection',(0.,1.,0.)) ;
#3853=DIRECTION('Vector Direction',(-0.707106781187,0.707106781187,0.)) ;
#3858=DIRECTION('Vector Direction',(-0.707106781187,-0.707106781187,2.51214793389E-015)) ;
#3870=DIRECTION('Axis2P3D Direction',(-1.,-0.,3.5527136788E-015)) ;
#3871=DIRECTION('Axis2P3D XDirection',(-3.02930473672E-015,-0.5,-0.866025403784)) ;
#3882=DIRECTION('Axis2P3D Direction',(1.,0.,-0.)) ;
#3883=DIRECTION('Axis2P3D XDirection',(0.,1.,0.)) ;
#3887=DIRECTION('Axis2P3D Direction',(1.,0.,-0.)) ;
#3896=DIRECTION('Vector Direction',(1.,0.,0.)) ;
#3901=DIRECTION('Vector Direction',(1.,0.,0.)) ;
#3913=DIRECTION('Axis2P3D Direction',(1.,0.,-0.)) ;
#3925=DIRECTION('Axis2P3D Direction',(1.,-0.,-0.)) ;
#3926=DIRECTION('Axis2P3D XDirection',(0.,1.,0.)) ;
#3930=DIRECTION('Vector Direction',(0.707106781187,0.707106781187,0.)) ;
#3937=DIRECTION('Axis2P3D Direction',(1.,0.,-0.)) ;
#3944=DIRECTION('Vector Direction',(0.707106781187,-0.707106781187,2.51214793389E-015)) ;
#3956=DIRECTION('Axis2P3D Direction',(1.,-0.,-0.)) ;
#3957=DIRECTION('Axis2P3D XDirection',(0.,-0.5,0.866025403784)) ;
#3961=DIRECTION('Axis2P3D Direction',(1.,0.,-0.)) ;
#3973=DIRECTION('Axis2P3D Direction',(1.,0.,-0.)) ;
#3974=DIRECTION('Axis2P3D XDirection',(0.,-1.,1.22460635382E-016)) ;
#3978=DIRECTION('Axis2P3D Direction',(1.,0.,-0.)) ;
#3987=DIRECTION('Vector Direction',(1.,0.,0.)) ;
#3992=DIRECTION('Vector Direction',(1.,0.,0.)) ;
#4004=DIRECTION('Axis2P3D Direction',(1.,0.,-0.)) ;
#4016=DIRECTION('Axis2P3D Direction',(1.,-0.,-3.5527136788E-015)) ;
#4017=DIRECTION('Axis2P3D XDirection',(0.,-1.,1.01506100632E-015)) ;
#4021=DIRECTION('Vector Direction',(0.707106781187,-0.707106781187,-2.51214793389E-015)) ;
#4028=DIRECTION('Axis2P3D Direction',(1.,-3.60622128101E-030,-3.5527136788E-015)) ;
#4035=DIRECTION('Vector Direction',(0.707106781187,0.707106781187,-2.51214793389E-015)) ;
#4047=DIRECTION('Axis2P3D Direction',(1.,-0.,3.5527136788E-015)) ;
#4048=DIRECTION('Axis2P3D XDirection',(3.02930473672E-015,0.5,-0.866025403784)) ;
#4052=DIRECTION('Axis2P3D Direction',(1.,1.53837014911E-015,8.881784197E-016)) ;
#4064=DIRECTION('Axis2P3D Direction',(1.,0.,-0.)) ;
#4065=DIRECTION('Axis2P3D XDirection',(0.,-1.,1.22460635382E-016)) ;
#4069=DIRECTION('Axis2P3D Direction',(1.,0.,-0.)) ;
#4078=DIRECTION('Vector Direction',(1.,0.,0.)) ;
#4083=DIRECTION('Vector Direction',(1.,0.,0.)) ;
#4095=DIRECTION('Axis2P3D Direction',(1.,0.,-0.)) ;
#4107=DIRECTION('Axis2P3D Direction',(1.,-0.,-3.5527136788E-015)) ;
#4108=DIRECTION('Axis2P3D XDirection',(0.,-1.,1.01506100632E-015)) ;
#4112=DIRECTION('Vector Direction',(0.707106781187,-0.707106781187,-2.51214793389E-015)) ;
#4119=DIRECTION('Axis2P3D Direction',(1.,-3.60622128101E-030,-3.5527136788E-015)) ;
#4126=DIRECTION('Vector Direction',(0.707106781187,0.707106781187,-2.51214793389E-015)) ;
#4138=DIRECTION('Axis2P3D Direction',(1.,-0.,3.5527136788E-015)) ;
#4139=DIRECTION('Axis2P3D XDirection',(3.02930473672E-015,0.5,-0.866025403784)) ;
#4143=DIRECTION('Axis2P3D Direction',(1.,1.53837014911E-015,8.881784197E-016)) ;
#4155=DIRECTION('Axis2P3D Direction',(1.,0.,-0.)) ;
#4156=DIRECTION('Axis2P3D XDirection',(0.,1.,0.)) ;
#4160=DIRECTION('Axis2P3D Direction',(1.,0.,-0.)) ;
#4169=DIRECTION('Vector Direction',(1.,0.,0.)) ;
#4174=DIRECTION('Vector Direction',(1.,0.,0.)) ;
#4186=DIRECTION('Axis2P3D Direction',(1.,0.,-0.)) ;
#4208=DIRECTION('Axis2P3D Direction',(1.,0.,-0.)) ;
#4217=DIRECTION('Axis2P3D Direction',(1.,0.,-0.)) ;
#4243=DIRECTION('Axis2P3D Direction',(1.,-0.,-0.)) ;
#4244=DIRECTION('Axis2P3D XDirection',(0.,1.,0.)) ;
#4248=DIRECTION('Vector Direction',(0.707106781187,0.707106781187,0.)) ;
#4253=DIRECTION('Vector Direction',(0.707106781187,-0.707106781187,2.51214793389E-015)) ;
#4265=DIRECTION('Axis2P3D Direction',(1.,-0.,-0.)) ;
#4266=DIRECTION('Axis2P3D XDirection',(0.,-0.5,0.866025403784)) ;
#4277=DIRECTION('Axis2P3D Direction',(0.,0.,1.)) ;
#4286=DIRECTION('Vector Direction',(0.,0.,1.)) ;
#4291=DIRECTION('Vector Direction',(0.,0.,1.)) ;
#4303=DIRECTION('Axis2P3D Direction',(0.,0.,1.)) ;
#4315=DIRECTION('Axis2P3D Direction',(0.,1.7763568394E-015,-1.)) ;
#4316=DIRECTION('Axis2P3D XDirection',(-0.5,0.866025403784,1.58050681916E-015)) ;
#4320=DIRECTION('Vector Direction',(-0.707106781187,2.51214793389E-015,-0.707106781187)) ;
#4327=DIRECTION('Vector Direction',(0.707106781187,2.51214793389E-015,-0.707106781187)) ;
#4334=DIRECTION('Axis2P3D Direction',(-7.69185074553E-016,-4.4408920985E-016,1.)) ;
#4346=DIRECTION('Axis2P3D Direction',(0.,8.881784197E-016,-1.)) ;
#4347=DIRECTION('Axis2P3D XDirection',(1.,-2.9605952298E-016,0.)) ;
#4351=DIRECTION('Axis2P3D Direction',(-2.62953635074E-031,-8.881784197E-016,1.)) ;
#4363=DIRECTION('Axis2P3D Direction',(0.,0.,1.)) ;
#4372=DIRECTION('Vector Direction',(0.,0.,1.)) ;
#4377=DIRECTION('Vector Direction',(0.,0.,1.)) ;
#4389=DIRECTION('Axis2P3D Direction',(0.,0.,1.)) ;
#4401=DIRECTION('Axis2P3D Direction',(0.,0.,1.)) ;
#4402=DIRECTION('Axis2P3D XDirection',(1.,0.,0.)) ;
#4406=DIRECTION('Vector Direction',(-1.,0.,0.)) ;
#4421=DIRECTION('Axis2P3D Direction',(0.,0.,1.)) ;
#4430=DIRECTION('Axis2P3D Direction',(0.,0.,1.)) ;
#4444=DIRECTION('Axis2P3D Direction',(0.,-2.22044604925E-016,-1.)) ;
#4445=DIRECTION('Axis2P3D XDirection',(-0.5,0.866025403784,-1.31708901597E-016)) ;
#4449=DIRECTION('Vector Direction',(-0.707106781187,4.57681951706E-014,-0.707106781187)) ;
#4454=DIRECTION('Vector Direction',(0.707106781187,-5.49532360539E-016,-0.707106781187)) ;
#4466=DIRECTION('Axis2P3D Direction',(0.,2.22044604925E-016,-1.)) ;
#4467=DIRECTION('Axis2P3D XDirection',(1.,0.,0.)) ;
#4482=DIRECTION('Axis2P3D Direction',(0.,0.,1.)) ;
#4491=DIRECTION('Axis2P3D Direction',(0.,0.,1.)) ;
#4501=DIRECTION('Axis2P3D Direction',(0.,0.,1.)) ;
#4510=DIRECTION('Vector Direction',(0.,0.,1.)) ;
#4515=DIRECTION('Vector Direction',(0.,0.,1.)) ;
#4527=DIRECTION('Axis2P3D Direction',(0.,0.,1.)) ;
#4539=DIRECTION('Axis2P3D Direction',(0.,3.15891697424E-016,-1.)) ;
#4540=DIRECTION('Axis2P3D XDirection',(-0.5,0.866025403784,2.63417803193E-016)) ;
#4544=DIRECTION('Vector Direction',(-0.707106781187,2.23369161369E-016,-0.707106781187)) ;
#4549=DIRECTION('Vector Direction',(0.707106781187,-1.50373254318E-015,-0.707106781187)) ;
#4561=DIRECTION('Axis2P3D Direction',(-4.4408920985E-016,-4.4408920985E-016,-1.)) ;
#4562=DIRECTION('Axis2P3D XDirection',(1.,8.881784197E-017,-3.9512670479E-016)) ;
#4573=DIRECTION('Axis2P3D Direction',(0.,0.,1.)) ;
#4582=DIRECTION('Vector Direction',(0.,0.,1.)) ;
#4587=DIRECTION('Vector Direction',(0.,0.,1.)) ;
#4599=DIRECTION('Axis2P3D Direction',(0.,0.,1.)) ;
#4611=DIRECTION('Axis2P3D Direction',(1.7763568394E-015,8.881784197E-016,-1.)) ;
#4612=DIRECTION('Axis2P3D XDirection',(-0.5,0.866025403784,-1.31708901597E-016)) ;
#4616=DIRECTION('Vector Direction',(-0.707106781187,0.,-0.707106781187)) ;
#4623=DIRECTION('Vector Direction',(0.707106781187,0.,-0.707106781187)) ;
#4630=DIRECTION('Axis2P3D Direction',(-1.71686016683E-015,-9.91229679478E-016,1.)) ;
#4642=DIRECTION('Axis2P3D Direction',(1.7763568394E-015,8.881784197E-016,-1.)) ;
#4643=DIRECTION('Axis2P3D XDirection',(1.,-2.9605952298E-016,1.71221572076E-015)) ;
#4647=DIRECTION('Axis2P3D Direction',(-2.62953635074E-031,-8.881784197E-016,1.)) ;
#4659=DIRECTION('Axis2P3D Direction',(0.,0.,1.)) ;
#4668=DIRECTION('Vector Direction',(0.,0.,1.)) ;
#4673=DIRECTION('Vector Direction',(0.,0.,1.)) ;
#4685=DIRECTION('Axis2P3D Direction',(0.,0.,1.)) ;
#4706=DIRECTION('Axis2P3D Direction',(0.,0.,1.)) ;
#4715=DIRECTION('Axis2P3D Direction',(0.,0.,1.)) ;
#4729=DIRECTION('Axis2P3D Direction',(0.,-7.34834654627E-016,-1.)) ;
#4730=DIRECTION('Axis2P3D XDirection',(-0.5,0.866025403784,-6.58544507983E-016)) ;
#4734=DIRECTION('Vector Direction',(-0.707106781187,-1.14764355081E-015,-0.707106781187)) ;
#4739=DIRECTION('Vector Direction',(0.707106781187,-1.30465279668E-015,-0.707106781187)) ;
#4751=DIRECTION('Axis2P3D Direction',(0.,-4.4408920985E-016,-1.)) ;
#4752=DIRECTION('Axis2P3D XDirection',(1.,2.22044604925E-016,0.)) ;
#4763=DIRECTION('Axis2P3D Direction',(0.,1.,0.)) ;
#4764=DIRECTION('Axis2P3D XDirection',(-1.,0.,0.)) ;
#4768=DIRECTION('Axis2P3D Direction',(0.,1.,0.)) ;
#4777=DIRECTION('Vector Direction',(0.,1.,0.)) ;
#4782=DIRECTION('Vector Direction',(0.,1.,0.)) ;
#4795=DIRECTION('Axis2P3D Direction',(0.,1.,0.)) ;
#4815=DIRECTION('Axis2P3D Direction',(-0.,-1.,-0.)) ;
#4824=DIRECTION('Axis2P3D Direction',(-0.,-1.,-0.)) ;
#4834=DIRECTION('Axis2P3D Direction',(-0.,-1.,-0.)) ;
#4835=DIRECTION('Axis2P3D XDirection',(0.5,0.,-0.866025403784)) ;
#4839=DIRECTION('Vector Direction',(0.707106781187,-0.707106781187,3.01457752067E-014)) ;
#4844=DIRECTION('Vector Direction',(-0.707106781187,-0.707106781187,0.)) ;
#4856=DIRECTION('Axis2P3D Direction',(-0.,-1.,-3.5527136788E-015)) ;
#4857=DIRECTION('Axis2P3D XDirection',(-1.,0.,1.42108540884E-015)) ;
#48=AXIS2_PLACEMENT_3D(' ',#47,$,$) ;
#55=AXIS2_PLACEMENT_3D('Cylinder Axis2P3D',#52,#53,#54) ;
#68=AXIS2_PLACEMENT_3D('Circle Axis2P3D',#66,#67,$) ;
#145=AXIS2_PLACEMENT_3D('Cylinder Axis2P3D',#142,#143,#144) ;
#149=AXIS2_PLACEMENT_3D('Circle Axis2P3D',#147,#148,$) ;
#191=AXIS2_PLACEMENT_3D('Cylinder Axis2P3D',#188,#189,#190) ;
#202=AXIS2_PLACEMENT_3D('Circle Axis2P3D',#200,#201,$) ;
#223=AXIS2_PLACEMENT_3D('Plane Axis2P3D',#220,#221,#222) ;
#262=AXIS2_PLACEMENT_3D('Circle Axis2P3D',#260,#261,$) ;
#271=AXIS2_PLACEMENT_3D('Circle Axis2P3D',#269,#270,$) ;
#290=AXIS2_PLACEMENT_3D('Circle Axis2P3D',#288,#289,$) ;
#304=AXIS2_PLACEMENT_3D('Circle Axis2P3D',#302,#303,$) ;
#334=AXIS2_PLACEMENT_3D('Circle Axis2P3D',#332,#333,$) ;
#343=AXIS2_PLACEMENT_3D('Circle Axis2P3D',#341,#342,$) ;
#352=AXIS2_PLACEMENT_3D('Circle Axis2P3D',#350,#351,$) ;
#361=AXIS2_PLACEMENT_3D('Circle Axis2P3D',#359,#360,$) ;
#378=AXIS2_PLACEMENT_3D('Circle Axis2P3D',#376,#377,$) ;
#553=AXIS2_PLACEMENT_3D('Plane Axis2P3D',#550,#551,#552) ;
#585=AXIS2_PLACEMENT_3D('Circle Axis2P3D',#583,#584,$) ;
#611=AXIS2_PLACEMENT_3D('Circle Axis2P3D',#609,#610,$) ;
#815=AXIS2_PLACEMENT_3D('Plane Axis2P3D',#812,#813,#814) ;
#828=AXIS2_PLACEMENT_3D('Circle Axis2P3D',#826,#827,$) ;
#842=AXIS2_PLACEMENT_3D('Circle Axis2P3D',#840,#841,$) ;
#856=AXIS2_PLACEMENT_3D('Circle Axis2P3D',#854,#855,$) ;
#870=AXIS2_PLACEMENT_3D('Circle Axis2P3D',#868,#869,$) ;
#889=AXIS2_PLACEMENT_3D('Circle Axis2P3D',#887,#888,$) ;
#898=AXIS2_PLACEMENT_3D('Circle Axis2P3D',#896,#897,$) ;
#907=AXIS2_PLACEMENT_3D('Circle Axis2P3D',#905,#906,$) ;
#916=AXIS2_PLACEMENT_3D('Circle Axis2P3D',#914,#915,$) ;
#925=AXIS2_PLACEMENT_3D('Circle Axis2P3D',#923,#924,$) ;
#934=AXIS2_PLACEMENT_3D('Circle Axis2P3D',#932,#933,$) ;
#943=AXIS2_PLACEMENT_3D('Circle Axis2P3D',#941,#942,$) ;
#952=AXIS2_PLACEMENT_3D('Circle Axis2P3D',#950,#951,$) ;
#963=AXIS2_PLACEMENT_3D('Cylinder Axis2P3D',#960,#961,#962) ;
#974=AXIS2_PLACEMENT_3D('Circle Axis2P3D',#972,#973,$) ;
#994=AXIS2_PLACEMENT_3D('Circle Axis2P3D',#992,#993,$) ;
#1014=AXIS2_PLACEMENT_3D('Plane Axis2P3D',#1011,#1012,#1013) ;
#1045=AXIS2_PLACEMENT_3D('Cylinder Axis2P3D',#1042,#1043,#1044) ;
#1049=AXIS2_PLACEMENT_3D('Circle Axis2P3D',#1047,#1048,$) ;
#1075=AXIS2_PLACEMENT_3D('Circle Axis2P3D',#1073,#1074,$) ;
#1101=AXIS2_PLACEMENT_3D('Circle Axis2P3D',#1099,#1100,$) ;
#1162=AXIS2_PLACEMENT_3D('Cylinder Axis2P3D',#1159,#1160,#1161) ;
#1173=AXIS2_PLACEMENT_3D('Circle Axis2P3D',#1171,#1172,$) ;
#1192=AXIS2_PLACEMENT_3D('Circle Axis2P3D',#1190,#1191,$) ;
#1205=AXIS2_PLACEMENT_3D('Plane Axis2P3D',#1202,#1203,#1204) ;
#1236=AXIS2_PLACEMENT_3D('Cylinder Axis2P3D',#1233,#1234,#1235) ;
#1240=AXIS2_PLACEMENT_3D('Circle Axis2P3D',#1238,#1239,$) ;
#1260=AXIS2_PLACEMENT_3D('Cylinder Axis2P3D',#1257,#1258,#1259) ;
#1264=AXIS2_PLACEMENT_3D('Circle Axis2P3D',#1262,#1263,$) ;
#1284=AXIS2_PLACEMENT_3D('Cylinder Axis2P3D',#1281,#1282,#1283) ;
#1295=AXIS2_PLACEMENT_3D('Circle Axis2P3D',#1293,#1294,$) ;
#1315=AXIS2_PLACEMENT_3D('Cylinder Axis2P3D',#1312,#1313,#1314) ;
#1328=AXIS2_PLACEMENT_3D('Circle Axis2P3D',#1326,#1327,$) ;
#1342=AXIS2_PLACEMENT_3D('Circle Axis2P3D',#1340,#1341,$) ;
#1355=AXIS2_PLACEMENT_3D('Plane Axis2P3D',#1352,#1353,#1354) ;
#1386=AXIS2_PLACEMENT_3D('Cylinder Axis2P3D',#1383,#1384,#1385) ;
#1390=AXIS2_PLACEMENT_3D('Circle Axis2P3D',#1388,#1389,$) ;
#1404=AXIS2_PLACEMENT_3D('Circle Axis2P3D',#1402,#1403,$) ;
#1417=AXIS2_PLACEMENT_3D('Cylinder Axis2P3D',#1414,#1415,#1416) ;
#1430=AXIS2_PLACEMENT_3D('Circle Axis2P3D',#1428,#1429,$) ;
#1444=AXIS2_PLACEMENT_3D('Circle Axis2P3D',#1442,#1443,$) ;
#1458=AXIS2_PLACEMENT_3D('Circle Axis2P3D',#1456,#1457,$) ;
#1665=AXIS2_PLACEMENT_3D('Plane Axis2P3D',#1662,#1663,#1664) ;
#1669=AXIS2_PLACEMENT_3D('Circle Axis2P3D',#1667,#1668,$) ;
#1678=AXIS2_PLACEMENT_3D('Circle Axis2P3D',#1676,#1677,$) ;
#1687=AXIS2_PLACEMENT_3D('Circle Axis2P3D',#1685,#1686,$) ;
#1696=AXIS2_PLACEMENT_3D('Circle Axis2P3D',#1694,#1695,$) ;
#1707=AXIS2_PLACEMENT_3D('Cylinder Axis2P3D',#1704,#1705,#1706) ;
#1711=AXIS2_PLACEMENT_3D('Circle Axis2P3D',#1709,#1710,$) ;
#1737=AXIS2_PLACEMENT_3D('Circle Axis2P3D',#1735,#1736,$) ;
#1750=AXIS2_PLACEMENT_3D('Cylinder Axis2P3D',#1747,#1748,#1749) ;
#1754=AXIS2_PLACEMENT_3D('Circle Axis2P3D',#1752,#1753,$) ;
#1770=AXIS2_PLACEMENT_3D('Circle Axis2P3D',#1768,#1769,$) ;
#1789=AXIS2_PLACEMENT_3D('Circle Axis2P3D',#1787,#1788,$) ;
#1794=AXIS2_PLACEMENT_3D('Circle Axis2P3D',#1792,#1793,$) ;
#1807=AXIS2_PLACEMENT_3D('Plane Axis2P3D',#1804,#1805,#1806) ;
#1811=AXIS2_PLACEMENT_3D('Circle Axis2P3D',#1809,#1810,$) ;
#1820=AXIS2_PLACEMENT_3D('Circle Axis2P3D',#1818,#1819,$) ;
#1835=AXIS2_PLACEMENT_3D('Plane Axis2P3D',#1832,#1833,#1834) ;
#1839=AXIS2_PLACEMENT_3D('Circle Axis2P3D',#1837,#1838,$) ;
#1848=AXIS2_PLACEMENT_3D('Circle Axis2P3D',#1846,#1847,$) ;
#1862=AXIS2_PLACEMENT_3D('Circle Axis2P3D',#1860,#1861,$) ;
#1888=AXIS2_PLACEMENT_3D('Plane Axis2P3D',#1885,#1886,#1887) ;
#1896=AXIS2_PLACEMENT_3D('Circle Axis2P3D',#1894,#1895,$) ;
#2121=AXIS2_PLACEMENT_3D('Cylinder Axis2P3D',#2118,#2119,#2120) ;
#2132=AXIS2_PLACEMENT_3D('Circle Axis2P3D',#2130,#2131,$) ;
#2151=AXIS2_PLACEMENT_3D('Circle Axis2P3D',#2149,#2150,$) ;
#2197=AXIS2_PLACEMENT_3D('Cylinder Axis2P3D',#2194,#2195,#2196) ;
#2208=AXIS2_PLACEMENT_3D('Circle Axis2P3D',#2206,#2207,$) ;
#2227=AXIS2_PLACEMENT_3D('Circle Axis2P3D',#2225,#2226,$) ;
#2266=AXIS2_PLACEMENT_3D('Cylinder Axis2P3D',#2263,#2264,#2265) ;
#2277=AXIS2_PLACEMENT_3D('Circle Axis2P3D',#2275,#2276,$) ;
#2290=AXIS2_PLACEMENT_3D('Plane Axis2P3D',#2287,#2288,#2289) ;
#2314=AXIS2_PLACEMENT_3D('Cylinder Axis2P3D',#2311,#2312,#2313) ;
#2325=AXIS2_PLACEMENT_3D('Circle Axis2P3D',#2323,#2324,$) ;
#2338=AXIS2_PLACEMENT_3D('Plane Axis2P3D',#2335,#2336,#2337) ;
#2362=AXIS2_PLACEMENT_3D('Cylinder Axis2P3D',#2359,#2360,#2361) ;
#2373=AXIS2_PLACEMENT_3D('Circle Axis2P3D',#2371,#2372,$) ;
#2386=AXIS2_PLACEMENT_3D('Plane Axis2P3D',#2383,#2384,#2385) ;
#2409=AXIS2_PLACEMENT_3D('Circle Axis2P3D',#2407,#2408,$) ;
#2440=AXIS2_PLACEMENT_3D('Circle Axis2P3D',#2438,#2439,$) ;
#2452=AXIS2_PLACEMENT_3D('Circle Axis2P3D',#2450,#2451,$) ;
#2465=AXIS2_PLACEMENT_3D('Plane Axis2P3D',#2462,#2463,#2464) ;
#2469=AXIS2_PLACEMENT_3D('Circle Axis2P3D',#2467,#2468,$) ;
#2476=AXIS2_PLACEMENT_3D('Circle Axis2P3D',#2474,#2475,$) ;
#2528=AXIS2_PLACEMENT_3D('Circle Axis2P3D',#2526,#2527,$) ;
#2541=AXIS2_PLACEMENT_3D('Cylinder Axis2P3D',#2538,#2539,#2540) ;
#2552=AXIS2_PLACEMENT_3D('Circle Axis2P3D',#2550,#2551,$) ;
#2571=AXIS2_PLACEMENT_3D('Circle Axis2P3D',#2569,#2570,$) ;
#2590=AXIS2_PLACEMENT_3D('Circle Axis2P3D',#2588,#2589,$) ;
#2629=AXIS2_PLACEMENT_3D('Circle Axis2P3D',#2627,#2628,$) ;
#2641=AXIS2_PLACEMENT_3D('Circle Axis2P3D',#2639,#2640,$) ;
#2653=AXIS2_PLACEMENT_3D('Circle Axis2P3D',#2651,#2652,$) ;
#2679=AXIS2_PLACEMENT_3D('Circle Axis2P3D',#2677,#2678,$) ;
#2711=AXIS2_PLACEMENT_3D('Cylinder Axis2P3D',#2708,#2709,#2710) ;
#2722=AXIS2_PLACEMENT_3D('Circle Axis2P3D',#2720,#2721,$) ;
#2788=AXIS2_PLACEMENT_3D('Circle Axis2P3D',#2786,#2787,$) ;
#2797=AXIS2_PLACEMENT_3D('Circle Axis2P3D',#2795,#2796,$) ;
#2806=AXIS2_PLACEMENT_3D('Circle Axis2P3D',#2804,#2805,$) ;
#2815=AXIS2_PLACEMENT_3D('Circle Axis2P3D',#2813,#2814,$) ;
#2825=AXIS2_PLACEMENT_3D('Circle Axis2P3D',#2823,#2824,$) ;
#2844=AXIS2_PLACEMENT_3D('Circle Axis2P3D',#2842,#2843,$) ;
#2851=AXIS2_PLACEMENT_3D('Circle Axis2P3D',#2849,#2850,$) ;
#2873=AXIS2_PLACEMENT_3D('Cylinder Axis2P3D',#2870,#2871,#2872) ;
#2877=AXIS2_PLACEMENT_3D('Circle Axis2P3D',#2875,#2876,$) ;
#2903=AXIS2_PLACEMENT_3D('Circle Axis2P3D',#2901,#2902,$) ;
#2916=AXIS2_PLACEMENT_3D('Cone Axis2P3D',#2913,#2914,#2915) ;
#2927=AXIS2_PLACEMENT_3D('Circle Axis2P3D',#2925,#2926,$) ;
#2947=AXIS2_PLACEMENT_3D('Cone Axis2P3D',#2944,#2945,#2946) ;
#2951=AXIS2_PLACEMENT_3D('Circle Axis2P3D',#2949,#2950,$) ;
#2964=AXIS2_PLACEMENT_3D('Cylinder Axis2P3D',#2961,#2962,#2963) ;
#2968=AXIS2_PLACEMENT_3D('Circle Axis2P3D',#2966,#2967,$) ;
#2994=AXIS2_PLACEMENT_3D('Circle Axis2P3D',#2992,#2993,$) ;
#3007=AXIS2_PLACEMENT_3D('Plane Axis2P3D',#3004,#3005,#3006) ;
#3026=AXIS2_PLACEMENT_3D('Circle Axis2P3D',#3024,#3025,$) ;
#3035=AXIS2_PLACEMENT_3D('Circle Axis2P3D',#3033,#3034,$) ;
#3050=AXIS2_PLACEMENT_3D('Cone Axis2P3D',#3047,#3048,#3049) ;
#3072=AXIS2_PLACEMENT_3D('Cone Axis2P3D',#3069,#3070,#3071) ;
#3084=AXIS2_PLACEMENT_3D('Cylinder Axis2P3D',#3081,#3082,#3083) ;
#3088=AXIS2_PLACEMENT_3D('Circle Axis2P3D',#3086,#3087,$) ;
#3114=AXIS2_PLACEMENT_3D('Circle Axis2P3D',#3112,#3113,$) ;
#3130=AXIS2_PLACEMENT_3D('Circle Axis2P3D',#3128,#3129,$) ;
#3139=AXIS2_PLACEMENT_3D('Circle Axis2P3D',#3137,#3138,$) ;
#3150=AXIS2_PLACEMENT_3D('Cone Axis2P3D',#3147,#3148,#3149) ;
#3172=AXIS2_PLACEMENT_3D('Cone Axis2P3D',#3169,#3170,#3171) ;
#3184=AXIS2_PLACEMENT_3D('Cylinder Axis2P3D',#3181,#3182,#3183) ;
#3188=AXIS2_PLACEMENT_3D('Circle Axis2P3D',#3186,#3187,$) ;
#3214=AXIS2_PLACEMENT_3D('Circle Axis2P3D',#3212,#3213,$) ;
#3227=AXIS2_PLACEMENT_3D('Cone Axis2P3D',#3224,#3225,#3226) ;
#3238=AXIS2_PLACEMENT_3D('Circle Axis2P3D',#3236,#3237,$) ;
#3258=AXIS2_PLACEMENT_3D('Cone Axis2P3D',#3255,#3256,#3257) ;
#3262=AXIS2_PLACEMENT_3D('Circle Axis2P3D',#3260,#3261,$) ;
#3275=AXIS2_PLACEMENT_3D('Cylinder Axis2P3D',#3272,#3273,#3274) ;
#3279=AXIS2_PLACEMENT_3D('Circle Axis2P3D',#3277,#3278,$) ;
#3305=AXIS2_PLACEMENT_3D('Circle Axis2P3D',#3303,#3304,$) ;
#3326=AXIS2_PLACEMENT_3D('Circle Axis2P3D',#3324,#3325,$) ;
#3335=AXIS2_PLACEMENT_3D('Circle Axis2P3D',#3333,#3334,$) ;
#3350=AXIS2_PLACEMENT_3D('Cone Axis2P3D',#3347,#3348,#3349) ;
#3372=AXIS2_PLACEMENT_3D('Cone Axis2P3D',#3369,#3370,#3371) ;
#3384=AXIS2_PLACEMENT_3D('Cylinder Axis2P3D',#3381,#3382,#3383) ;
#3388=AXIS2_PLACEMENT_3D('Circle Axis2P3D',#3386,#3387,$) ;
#3422=AXIS2_PLACEMENT_3D('Circle Axis2P3D',#3420,#3421,$) ;
#3431=AXIS2_PLACEMENT_3D('Circle Axis2P3D',#3429,#3430,$) ;
#3441=AXIS2_PLACEMENT_3D('Circle Axis2P3D',#3439,#3440,$) ;
#3455=AXIS2_PLACEMENT_3D('Cone Axis2P3D',#3452,#3453,#3454) ;
#3477=AXIS2_PLACEMENT_3D('Cone Axis2P3D',#3474,#3475,#3476) ;
#3489=AXIS2_PLACEMENT_3D('Cylinder Axis2P3D',#3486,#3487,#3488) ;
#3493=AXIS2_PLACEMENT_3D('Circle Axis2P3D',#3491,#3492,$) ;
#3519=AXIS2_PLACEMENT_3D('Circle Axis2P3D',#3517,#3518,$) ;
#3532=AXIS2_PLACEMENT_3D('Cone Axis2P3D',#3529,#3530,#3531) ;
#3543=AXIS2_PLACEMENT_3D('Circle Axis2P3D',#3541,#3542,$) ;
#3563=AXIS2_PLACEMENT_3D('Cone Axis2P3D',#3560,#3561,#3562) ;
#3567=AXIS2_PLACEMENT_3D('Circle Axis2P3D',#3565,#3566,$) ;
#3580=AXIS2_PLACEMENT_3D('Cylinder Axis2P3D',#3577,#3578,#3579) ;
#3584=AXIS2_PLACEMENT_3D('Circle Axis2P3D',#3582,#3583,$) ;
#3610=AXIS2_PLACEMENT_3D('Circle Axis2P3D',#3608,#3609,$) ;
#3623=AXIS2_PLACEMENT_3D('Cone Axis2P3D',#3620,#3621,#3622) ;
#3634=AXIS2_PLACEMENT_3D('Circle Axis2P3D',#3632,#3633,$) ;
#3654=AXIS2_PLACEMENT_3D('Cone Axis2P3D',#3651,#3652,#3653) ;
#3658=AXIS2_PLACEMENT_3D('Circle Axis2P3D',#3656,#3657,$) ;
#3671=AXIS2_PLACEMENT_3D('Cylinder Axis2P3D',#3668,#3669,#3670) ;
#3675=AXIS2_PLACEMENT_3D('Circle Axis2P3D',#3673,#3674,$) ;
#3701=AXIS2_PLACEMENT_3D('Circle Axis2P3D',#3699,#3700,$) ;
#3714=AXIS2_PLACEMENT_3D('Cone Axis2P3D',#3711,#3712,#3713) ;
#3725=AXIS2_PLACEMENT_3D('Circle Axis2P3D',#3723,#3724,$) ;
#3745=AXIS2_PLACEMENT_3D('Cone Axis2P3D',#3742,#3743,#3744) ;
#3749=AXIS2_PLACEMENT_3D('Circle Axis2P3D',#3747,#3748,$) ;
#3762=AXIS2_PLACEMENT_3D('Cylinder Axis2P3D',#3759,#3760,#3761) ;
#3766=AXIS2_PLACEMENT_3D('Circle Axis2P3D',#3764,#3765,$) ;
#3792=AXIS2_PLACEMENT_3D('Circle Axis2P3D',#3790,#3791,$) ;
#3814=AXIS2_PLACEMENT_3D('Circle Axis2P3D',#3812,#3813,$) ;
#3823=AXIS2_PLACEMENT_3D('Circle Axis2P3D',#3821,#3822,$) ;
#3850=AXIS2_PLACEMENT_3D('Cone Axis2P3D',#3847,#3848,#3849) ;
#3872=AXIS2_PLACEMENT_3D('Cone Axis2P3D',#3869,#3870,#3871) ;
#3884=AXIS2_PLACEMENT_3D('Cylinder Axis2P3D',#3881,#3882,#3883) ;
#3888=AXIS2_PLACEMENT_3D('Circle Axis2P3D',#3886,#3887,$) ;
#3914=AXIS2_PLACEMENT_3D('Circle Axis2P3D',#3912,#3913,$) ;
#3927=AXIS2_PLACEMENT_3D('Cone Axis2P3D',#3924,#3925,#3926) ;
#3938=AXIS2_PLACEMENT_3D('Circle Axis2P3D',#3936,#3937,$) ;
#3958=AXIS2_PLACEMENT_3D('Cone Axis2P3D',#3955,#3956,#3957) ;
#3962=AXIS2_PLACEMENT_3D('Circle Axis2P3D',#3960,#3961,$) ;
#3975=AXIS2_PLACEMENT_3D('Cylinder Axis2P3D',#3972,#3973,#3974) ;
#3979=AXIS2_PLACEMENT_3D('Circle Axis2P3D',#3977,#3978,$) ;
#4005=AXIS2_PLACEMENT_3D('Circle Axis2P3D',#4003,#4004,$) ;
#4018=AXIS2_PLACEMENT_3D('Cone Axis2P3D',#4015,#4016,#4017) ;
#4029=AXIS2_PLACEMENT_3D('Circle Axis2P3D',#4027,#4028,$) ;
#4049=AXIS2_PLACEMENT_3D('Cone Axis2P3D',#4046,#4047,#4048) ;
#4053=AXIS2_PLACEMENT_3D('Circle Axis2P3D',#4051,#4052,$) ;
#4066=AXIS2_PLACEMENT_3D('Cylinder Axis2P3D',#4063,#4064,#4065) ;
#4070=AXIS2_PLACEMENT_3D('Circle Axis2P3D',#4068,#4069,$) ;
#4096=AXIS2_PLACEMENT_3D('Circle Axis2P3D',#4094,#4095,$) ;
#4109=AXIS2_PLACEMENT_3D('Cone Axis2P3D',#4106,#4107,#4108) ;
#4120=AXIS2_PLACEMENT_3D('Circle Axis2P3D',#4118,#4119,$) ;
#4140=AXIS2_PLACEMENT_3D('Cone Axis2P3D',#4137,#4138,#4139) ;
#4144=AXIS2_PLACEMENT_3D('Circle Axis2P3D',#4142,#4143,$) ;
#4157=AXIS2_PLACEMENT_3D('Cylinder Axis2P3D',#4154,#4155,#4156) ;
#4161=AXIS2_PLACEMENT_3D('Circle Axis2P3D',#4159,#4160,$) ;
#4187=AXIS2_PLACEMENT_3D('Circle Axis2P3D',#4185,#4186,$) ;
#4209=AXIS2_PLACEMENT_3D('Circle Axis2P3D',#4207,#4208,$) ;
#4218=AXIS2_PLACEMENT_3D('Circle Axis2P3D',#4216,#4217,$) ;
#4245=AXIS2_PLACEMENT_3D('Cone Axis2P3D',#4242,#4243,#4244) ;
#4267=AXIS2_PLACEMENT_3D('Cone Axis2P3D',#4264,#4265,#4266) ;
#4278=AXIS2_PLACEMENT_3D('Circle Axis2P3D',#4276,#4277,$) ;
#4304=AXIS2_PLACEMENT_3D('Circle Axis2P3D',#4302,#4303,$) ;
#4317=AXIS2_PLACEMENT_3D('Cone Axis2P3D',#4314,#4315,#4316) ;
#4335=AXIS2_PLACEMENT_3D('Circle Axis2P3D',#4333,#4334,$) ;
#4348=AXIS2_PLACEMENT_3D('Cone Axis2P3D',#4345,#4346,#4347) ;
#4352=AXIS2_PLACEMENT_3D('Circle Axis2P3D',#4350,#4351,$) ;
#4364=AXIS2_PLACEMENT_3D('Circle Axis2P3D',#4362,#4363,$) ;
#4390=AXIS2_PLACEMENT_3D('Circle Axis2P3D',#4388,#4389,$) ;
#4403=AXIS2_PLACEMENT_3D('Plane Axis2P3D',#4400,#4401,#4402) ;
#4422=AXIS2_PLACEMENT_3D('Circle Axis2P3D',#4420,#4421,$) ;
#4431=AXIS2_PLACEMENT_3D('Circle Axis2P3D',#4429,#4430,$) ;
#4446=AXIS2_PLACEMENT_3D('Cone Axis2P3D',#4443,#4444,#4445) ;
#4468=AXIS2_PLACEMENT_3D('Cone Axis2P3D',#4465,#4466,#4467) ;
#4483=AXIS2_PLACEMENT_3D('Circle Axis2P3D',#4481,#4482,$) ;
#4492=AXIS2_PLACEMENT_3D('Circle Axis2P3D',#4490,#4491,$) ;
#4502=AXIS2_PLACEMENT_3D('Circle Axis2P3D',#4500,#4501,$) ;
#4528=AXIS2_PLACEMENT_3D('Circle Axis2P3D',#4526,#4527,$) ;
#4541=AXIS2_PLACEMENT_3D('Cone Axis2P3D',#4538,#4539,#4540) ;
#4563=AXIS2_PLACEMENT_3D('Cone Axis2P3D',#4560,#4561,#4562) ;
#4574=AXIS2_PLACEMENT_3D('Circle Axis2P3D',#4572,#4573,$) ;
#4600=AXIS2_PLACEMENT_3D('Circle Axis2P3D',#4598,#4599,$) ;
#4613=AXIS2_PLACEMENT_3D('Cone Axis2P3D',#4610,#4611,#4612) ;
#4631=AXIS2_PLACEMENT_3D('Circle Axis2P3D',#4629,#4630,$) ;
#4644=AXIS2_PLACEMENT_3D('Cone Axis2P3D',#4641,#4642,#4643) ;
#4648=AXIS2_PLACEMENT_3D('Circle Axis2P3D',#4646,#4647,$) ;
#4660=AXIS2_PLACEMENT_3D('Circle Axis2P3D',#4658,#4659,$) ;
#4686=AXIS2_PLACEMENT_3D('Circle Axis2P3D',#4684,#4685,$) ;
#4707=AXIS2_PLACEMENT_3D('Circle Axis2P3D',#4705,#4706,$) ;
#4716=AXIS2_PLACEMENT_3D('Circle Axis2P3D',#4714,#4715,$) ;
#4731=AXIS2_PLACEMENT_3D('Cone Axis2P3D',#4728,#4729,#4730) ;
#4753=AXIS2_PLACEMENT_3D('Cone Axis2P3D',#4750,#4751,#4752) ;
#4765=AXIS2_PLACEMENT_3D('Cylinder Axis2P3D',#4762,#4763,#4764) ;
#4769=AXIS2_PLACEMENT_3D('Circle Axis2P3D',#4767,#4768,$) ;
#4796=AXIS2_PLACEMENT_3D('Circle Axis2P3D',#4794,#4795,$) ;
#4816=AXIS2_PLACEMENT_3D('Circle Axis2P3D',#4814,#4815,$) ;
#4825=AXIS2_PLACEMENT_3D('Circle Axis2P3D',#4823,#4824,$) ;
#4836=AXIS2_PLACEMENT_3D('Cone Axis2P3D',#4833,#4834,#4835) ;
#4858=AXIS2_PLACEMENT_3D('Cone Axis2P3D',#4855,#4856,#4857) ;
#40=PRODUCT_DEFINITION_SHAPE(' ',' ',#14) ;
#31=APPROVAL_PERSON_ORGANIZATION(#25,#21,#19) ;
#25=PERSON_AND_ORGANIZATION(#22,#23) ;
#22=PERSON(' ',' ',' ',$,$,$) ;
#23=ORGANIZATION(' ',' ',' ') ;
#21=APPROVAL(#20,' ') ;
#20=APPROVAL_STATUS('not_yet_approved') ;
#19=APPROVAL_ROLE('APPROVER') ;
#13=DATE_AND_TIME(#11,#12) ;
#12=LOCAL_TIME(14,11,5.,#10) ;
#10=COORDINATED_UNIVERSAL_TIME_OFFSET(0,0,.AHEAD.) ;
#133=ORIENTED_EDGE('',*,*,#65,.F.) ;
#134=ORIENTED_EDGE('',*,*,#72,.F.) ;
#135=ORIENTED_EDGE('',*,*,#79,.T.) ;
#136=ORIENTED_EDGE('',*,*,#88,.T.) ;
#137=ORIENTED_EDGE('',*,*,#95,.F.) ;
#138=ORIENTED_EDGE('',*,*,#114,.F.) ;
#139=ORIENTED_EDGE('',*,*,#131,.T.) ;
#181=ORIENTED_EDGE('',*,*,#79,.F.) ;
#182=ORIENTED_EDGE('',*,*,#153,.F.) ;
#183=ORIENTED_EDGE('',*,*,#160,.T.) ;
#184=ORIENTED_EDGE('',*,*,#173,.T.) ;
#185=ORIENTED_EDGE('',*,*,#179,.T.) ;
#213=ORIENTED_EDGE('',*,*,#199,.F.) ;
#214=ORIENTED_EDGE('',*,*,#206,.F.) ;
#215=ORIENTED_EDGE('',*,*,#211,.T.) ;
#216=ORIENTED_EDGE('',*,*,#88,.F.) ;
#217=ORIENTED_EDGE('',*,*,#179,.F.) ;
#254=ORIENTED_EDGE('',*,*,#233,.F.) ;
#255=ORIENTED_EDGE('',*,*,#240,.F.) ;
#256=ORIENTED_EDGE('',*,*,#247,.T.) ;
#257=ORIENTED_EDGE('',*,*,#252,.F.) ;
#322=ORIENTED_EDGE('',*,*,#268,.T.) ;
#323=ORIENTED_EDGE('',*,*,#275,.T.) ;
#324=ORIENTED_EDGE('',*,*,#280,.F.) ;
#325=ORIENTED_EDGE('',*,*,#287,.F.) ;
#326=ORIENTED_EDGE('',*,*,#294,.F.) ;
#327=ORIENTED_EDGE('',*,*,#301,.F.) ;
#328=ORIENTED_EDGE('',*,*,#308,.F.) ;
#329=ORIENTED_EDGE('',*,*,#315,.F.) ;
#330=ORIENTED_EDGE('',*,*,#320,.F.) ;
#347=ORIENTED_EDGE('',*,*,#340,.T.) ;
#348=ORIENTED_EDGE('',*,*,#345,.T.) ;
#365=ORIENTED_EDGE('',*,*,#358,.T.) ;
#366=ORIENTED_EDGE('',*,*,#363,.T.) ;
#490=ORIENTED_EDGE('',*,*,#275,.F.) ;
#491=ORIENTED_EDGE('',*,*,#375,.T.) ;
#492=ORIENTED_EDGE('',*,*,#382,.T.) ;
#493=ORIENTED_EDGE('',*,*,#389,.F.) ;
#494=ORIENTED_EDGE('',*,*,#397,.T.) ;
#495=ORIENTED_EDGE('',*,*,#406,.T.) ;
#496=ORIENTED_EDGE('',*,*,#415,.F.) ;
#497=ORIENTED_EDGE('',*,*,#422,.T.) ;
#498=ORIENTED_EDGE('',*,*,#432,.F.) ;
#499=ORIENTED_EDGE('',*,*,#441,.F.) ;
#500=ORIENTED_EDGE('',*,*,#449,.F.) ;
#501=ORIENTED_EDGE('',*,*,#456,.F.) ;
#502=ORIENTED_EDGE('',*,*,#464,.T.) ;
#503=ORIENTED_EDGE('',*,*,#473,.T.) ;
#504=ORIENTED_EDGE('',*,*,#483,.T.) ;
#505=ORIENTED_EDGE('',*,*,#488,.F.) ;
#546=ORIENTED_EDGE('',*,*,#527,.F.) ;
#547=ORIENTED_EDGE('',*,*,#544,.F.) ;
#576=ORIENTED_EDGE('',*,*,#464,.F.) ;
#577=ORIENTED_EDGE('',*,*,#562,.F.) ;
#578=ORIENTED_EDGE('',*,*,#160,.F.) ;
#579=ORIENTED_EDGE('',*,*,#569,.F.) ;
#580=ORIENTED_EDGE('',*,*,#574,.T.) ;
#676=ORIENTED_EDGE('',*,*,#589,.F.) ;
#677=ORIENTED_EDGE('',*,*,#199,.T.) ;
#678=ORIENTED_EDGE('',*,*,#173,.F.) ;
#679=ORIENTED_EDGE('',*,*,#562,.T.) ;
#680=ORIENTED_EDGE('',*,*,#456,.T.) ;
#681=ORIENTED_EDGE('',*,*,#597,.F.) ;
#682=ORIENTED_EDGE('',*,*,#608,.T.) ;
#683=ORIENTED_EDGE('',*,*,#389,.T.) ;
#684=ORIENTED_EDGE('',*,*,#613,.T.) ;
#685=ORIENTED_EDGE('',*,*,#375,.F.) ;
#686=ORIENTED_EDGE('',*,*,#268,.F.) ;
#687=ORIENTED_EDGE('',*,*,#620,.T.) ;
#688=ORIENTED_EDGE('',*,*,#630,.F.) ;
#689=ORIENTED_EDGE('',*,*,#639,.F.) ;
#690=ORIENTED_EDGE('',*,*,#647,.F.) ;
#691=ORIENTED_EDGE('',*,*,#660,.T.) ;
#692=ORIENTED_EDGE('',*,*,#669,.T.) ;
#693=ORIENTED_EDGE('',*,*,#674,.F.) ;
#734=ORIENTED_EDGE('',*,*,#715,.T.) ;
#735=ORIENTED_EDGE('',*,*,#732,.T.) ;
#803=ORIENTED_EDGE('',*,*,#747,.F.) ;
#804=ORIENTED_EDGE('',*,*,#760,.F.) ;
#805=ORIENTED_EDGE('',*,*,#768,.T.) ;
#806=ORIENTED_EDGE('',*,*,#777,.T.) ;
#807=ORIENTED_EDGE('',*,*,#787,.T.) ;
#808=ORIENTED_EDGE('',*,*,#794,.F.) ;
#809=ORIENTED_EDGE('',*,*,#801,.T.) ;
#874=ORIENTED_EDGE('',*,*,#825,.F.) ;
#875=ORIENTED_EDGE('',*,*,#832,.F.) ;
#876=ORIENTED_EDGE('',*,*,#839,.F.) ;
#877=ORIENTED_EDGE('',*,*,#846,.F.) ;
#878=ORIENTED_EDGE('',*,*,#853,.F.) ;
#879=ORIENTED_EDGE('',*,*,#860,.F.) ;
#880=ORIENTED_EDGE('',*,*,#867,.F.) ;
#881=ORIENTED_EDGE('',*,*,#872,.F.) ;
#884=ORIENTED_EDGE('',*,*,#382,.F.) ;
#885=ORIENTED_EDGE('',*,*,#613,.F.) ;
#902=ORIENTED_EDGE('',*,*,#895,.T.) ;
#903=ORIENTED_EDGE('',*,*,#900,.T.) ;
#920=ORIENTED_EDGE('',*,*,#913,.T.) ;
#921=ORIENTED_EDGE('',*,*,#918,.T.) ;
#938=ORIENTED_EDGE('',*,*,#931,.T.) ;
#939=ORIENTED_EDGE('',*,*,#936,.T.) ;
#956=ORIENTED_EDGE('',*,*,#949,.T.) ;
#957=ORIENTED_EDGE('',*,*,#954,.T.) ;
#985=ORIENTED_EDGE('',*,*,#971,.F.) ;
#986=ORIENTED_EDGE('',*,*,#978,.F.) ;
#987=ORIENTED_EDGE('',*,*,#983,.T.) ;
#988=ORIENTED_EDGE('',*,*,#397,.F.) ;
#989=ORIENTED_EDGE('',*,*,#608,.F.) ;
#1005=ORIENTED_EDGE('',*,*,#983,.F.) ;
#1006=ORIENTED_EDGE('',*,*,#998,.F.) ;
#1007=ORIENTED_EDGE('',*,*,#1003,.T.) ;
#1008=ORIENTED_EDGE('',*,*,#406,.F.) ;
#1036=ORIENTED_EDGE('',*,*,#1022,.F.) ;
#1037=ORIENTED_EDGE('',*,*,#1029,.F.) ;
#1038=ORIENTED_EDGE('',*,*,#1034,.T.) ;
#1039=ORIENTED_EDGE('',*,*,#422,.F.) ;
#1060=ORIENTED_EDGE('',*,*,#574,.F.) ;
#1061=ORIENTED_EDGE('',*,*,#1053,.F.) ;
#1062=ORIENTED_EDGE('',*,*,#1058,.T.) ;
#1063=ORIENTED_EDGE('',*,*,#473,.F.) ;
#1086=ORIENTED_EDGE('',*,*,#1072,.T.) ;
#1087=ORIENTED_EDGE('',*,*,#1079,.T.) ;
#1088=ORIENTED_EDGE('',*,*,#1084,.F.) ;
#1089=ORIENTED_EDGE('',*,*,#660,.F.) ;
#1150=ORIENTED_EDGE('',*,*,#1098,.F.) ;
#1151=ORIENTED_EDGE('',*,*,#669,.F.) ;
#1152=ORIENTED_EDGE('',*,*,#1084,.T.) ;
#1153=ORIENTED_EDGE('',*,*,#1105,.T.) ;
#1154=ORIENTED_EDGE('',*,*,#1112,.F.) ;
#1155=ORIENTED_EDGE('',*,*,#1131,.F.) ;
#1156=ORIENTED_EDGE('',*,*,#1148,.T.) ;
#1184=ORIENTED_EDGE('',*,*,#1170,.T.) ;
#1185=ORIENTED_EDGE('',*,*,#1177,.T.) ;
#1186=ORIENTED_EDGE('',*,*,#1182,.F.) ;
#1187=ORIENTED_EDGE('',*,*,#715,.F.) ;
#1196=ORIENTED_EDGE('',*,*,#1182,.T.) ;
#1197=ORIENTED_EDGE('',*,*,#1194,.T.) ;
#1198=ORIENTED_EDGE('',*,*,#1170,.F.) ;
#1199=ORIENTED_EDGE('',*,*,#732,.F.) ;
#1227=ORIENTED_EDGE('',*,*,#1213,.T.) ;
#1228=ORIENTED_EDGE('',*,*,#1220,.T.) ;
#1229=ORIENTED_EDGE('',*,*,#1225,.F.) ;
#1230=ORIENTED_EDGE('',*,*,#768,.F.) ;
#1251=ORIENTED_EDGE('',*,*,#1225,.T.) ;
#1252=ORIENTED_EDGE('',*,*,#1244,.T.) ;
#1253=ORIENTED_EDGE('',*,*,#1249,.F.) ;
#1254=ORIENTED_EDGE('',*,*,#777,.F.) ;
#1275=ORIENTED_EDGE('',*,*,#787,.F.) ;
#1276=ORIENTED_EDGE('',*,*,#1249,.T.) ;
#1277=ORIENTED_EDGE('',*,*,#1268,.T.) ;
#1278=ORIENTED_EDGE('',*,*,#1273,.F.) ;
#1306=ORIENTED_EDGE('',*,*,#1292,.T.) ;
#1307=ORIENTED_EDGE('',*,*,#1299,.T.) ;
#1308=ORIENTED_EDGE('',*,*,#1304,.F.) ;
#1309=ORIENTED_EDGE('',*,*,#801,.F.) ;
#1346=ORIENTED_EDGE('',*,*,#1325,.F.) ;
#1347=ORIENTED_EDGE('',*,*,#1332,.T.) ;
#1348=ORIENTED_EDGE('',*,*,#1339,.T.) ;
#1349=ORIENTED_EDGE('',*,*,#1344,.F.) ;
#1377=ORIENTED_EDGE('',*,*,#1339,.F.) ;
#1378=ORIENTED_EDGE('',*,*,#1363,.T.) ;
#1379=ORIENTED_EDGE('',*,*,#1370,.T.) ;
#1380=ORIENTED_EDGE('',*,*,#1375,.F.) ;
#1408=ORIENTED_EDGE('',*,*,#1370,.F.) ;
#1409=ORIENTED_EDGE('',*,*,#1394,.T.) ;
#1410=ORIENTED_EDGE('',*,*,#1401,.T.) ;
#1411=ORIENTED_EDGE('',*,*,#1406,.F.) ;
#1462=ORIENTED_EDGE('',*,*,#1427,.F.) ;
#1463=ORIENTED_EDGE('',*,*,#1434,.F.) ;
#1464=ORIENTED_EDGE('',*,*,#1441,.T.) ;
#1465=ORIENTED_EDGE('',*,*,#1448,.F.) ;
#1466=ORIENTED_EDGE('',*,*,#1455,.F.) ;
#1467=ORIENTED_EDGE('',*,*,#1460,.F.) ;
#1505=ORIENTED_EDGE('',*,*,#1489,.F.) ;
#1506=ORIENTED_EDGE('',*,*,#1503,.F.) ;
#1541=ORIENTED_EDGE('',*,*,#1525,.F.) ;
#1542=ORIENTED_EDGE('',*,*,#1539,.F.) ;
#1580=ORIENTED_EDGE('',*,*,#1564,.F.) ;
#1581=ORIENTED_EDGE('',*,*,#1578,.F.) ;
#1616=ORIENTED_EDGE('',*,*,#1600,.F.) ;
#1617=ORIENTED_EDGE('',*,*,#1614,.F.) ;
#1658=ORIENTED_EDGE('',*,*,#1639,.F.) ;
#1659=ORIENTED_EDGE('',*,*,#1656,.F.) ;
#1682=ORIENTED_EDGE('',*,*,#1675,.T.) ;
#1683=ORIENTED_EDGE('',*,*,#1680,.T.) ;
#1700=ORIENTED_EDGE('',*,*,#1693,.F.) ;
#1701=ORIENTED_EDGE('',*,*,#1698,.F.) ;
#1729=ORIENTED_EDGE('',*,*,#1717,.T.) ;
#1730=ORIENTED_EDGE('',*,*,#1722,.F.) ;
#1731=ORIENTED_EDGE('',*,*,#1675,.F.) ;
#1732=ORIENTED_EDGE('',*,*,#1727,.T.) ;
#1741=ORIENTED_EDGE('',*,*,#1739,.T.) ;
#1742=ORIENTED_EDGE('',*,*,#1727,.F.) ;
#1743=ORIENTED_EDGE('',*,*,#1680,.F.) ;
#1744=ORIENTED_EDGE('',*,*,#1722,.T.) ;
#1781=ORIENTED_EDGE('',*,*,#1760,.T.) ;
#1782=ORIENTED_EDGE('',*,*,#1767,.F.) ;
#1783=ORIENTED_EDGE('',*,*,#1774,.F.) ;
#1784=ORIENTED_EDGE('',*,*,#1779,.T.) ;
#1798=ORIENTED_EDGE('',*,*,#1791,.T.) ;
#1799=ORIENTED_EDGE('',*,*,#1779,.F.) ;
#1800=ORIENTED_EDGE('',*,*,#1796,.F.) ;
#1801=ORIENTED_EDGE('',*,*,#1767,.T.) ;
#1824=ORIENTED_EDGE('',*,*,#1817,.T.) ;
#1825=ORIENTED_EDGE('',*,*,#1822,.T.) ;
#1828=ORIENTED_EDGE('',*,*,#1739,.F.) ;
#1829=ORIENTED_EDGE('',*,*,#1717,.F.) ;
#1852=ORIENTED_EDGE('',*,*,#1845,.T.) ;
#1853=ORIENTED_EDGE('',*,*,#1850,.T.) ;
#1856=ORIENTED_EDGE('',*,*,#1791,.F.) ;
#1857=ORIENTED_EDGE('',*,*,#1760,.F.) ;
#1878=ORIENTED_EDGE('',*,*,#1434,.T.) ;
#1879=ORIENTED_EDGE('',*,*,#1866,.T.) ;
#1880=ORIENTED_EDGE('',*,*,#1871,.F.) ;
#1881=ORIENTED_EDGE('',*,*,#1693,.T.) ;
#1882=ORIENTED_EDGE('',*,*,#1876,.T.) ;
#1891=ORIENTED_EDGE('',*,*,#1774,.T.) ;
#1892=ORIENTED_EDGE('',*,*,#1796,.T.) ;
#1900=ORIENTED_EDGE('',*,*,#1448,.T.) ;
#1901=ORIENTED_EDGE('',*,*,#1898,.T.) ;
#1910=ORIENTED_EDGE('',*,*,#1908,.T.) ;
#1911=ORIENTED_EDGE('',*,*,#1455,.T.) ;
#1912=ORIENTED_EDGE('',*,*,#1898,.F.) ;
#1913=ORIENTED_EDGE('',*,*,#1441,.F.) ;
#1914=ORIENTED_EDGE('',*,*,#1876,.F.) ;
#1915=ORIENTED_EDGE('',*,*,#1698,.T.) ;
#1916=ORIENTED_EDGE('',*,*,#1871,.T.) ;
#1954=ORIENTED_EDGE('',*,*,#1935,.T.) ;
#1955=ORIENTED_EDGE('',*,*,#1952,.T.) ;
#1990=ORIENTED_EDGE('',*,*,#1974,.T.) ;
#1991=ORIENTED_EDGE('',*,*,#1988,.T.) ;
#2029=ORIENTED_EDGE('',*,*,#2010,.T.) ;
#2030=ORIENTED_EDGE('',*,*,#2027,.T.) ;
#2065=ORIENTED_EDGE('',*,*,#2049,.T.) ;
#2066=ORIENTED_EDGE('',*,*,#2063,.T.) ;
#2107=ORIENTED_EDGE('',*,*,#2088,.T.) ;
#2108=ORIENTED_EDGE('',*,*,#2105,.T.) ;
#2112=ORIENTED_EDGE('',*,*,#1427,.T.) ;
#2113=ORIENTED_EDGE('',*,*,#1460,.T.) ;
#2114=ORIENTED_EDGE('',*,*,#1908,.F.) ;
#2115=ORIENTED_EDGE('',*,*,#1866,.F.) ;
#2143=ORIENTED_EDGE('',*,*,#2129,.F.) ;
#2144=ORIENTED_EDGE('',*,*,#2136,.T.) ;
#2145=ORIENTED_EDGE('',*,*,#2141,.T.) ;
#2146=ORIENTED_EDGE('',*,*,#1822,.F.) ;
#2155=ORIENTED_EDGE('',*,*,#2141,.F.) ;
#2156=ORIENTED_EDGE('',*,*,#2153,.T.) ;
#2157=ORIENTED_EDGE('',*,*,#2129,.T.) ;
#2158=ORIENTED_EDGE('',*,*,#1817,.F.) ;
#2188=ORIENTED_EDGE('',*,*,#2169,.T.) ;
#2189=ORIENTED_EDGE('',*,*,#2176,.T.) ;
#2190=ORIENTED_EDGE('',*,*,#2181,.F.) ;
#2191=ORIENTED_EDGE('',*,*,#2186,.F.) ;
#2219=ORIENTED_EDGE('',*,*,#2205,.F.) ;
#2220=ORIENTED_EDGE('',*,*,#2212,.T.) ;
#2221=ORIENTED_EDGE('',*,*,#2217,.T.) ;
#2222=ORIENTED_EDGE('',*,*,#1850,.F.) ;
#2231=ORIENTED_EDGE('',*,*,#2217,.F.) ;
#2232=ORIENTED_EDGE('',*,*,#2229,.T.) ;
#2233=ORIENTED_EDGE('',*,*,#2205,.T.) ;
#2234=ORIENTED_EDGE('',*,*,#1845,.F.) ;
#2257=ORIENTED_EDGE('',*,*,#2243,.F.) ;
#2258=ORIENTED_EDGE('',*,*,#825,.T.) ;
#2259=ORIENTED_EDGE('',*,*,#2250,.T.) ;
#2260=ORIENTED_EDGE('',*,*,#2255,.F.) ;
#2281=ORIENTED_EDGE('',*,*,#2274,.F.) ;
#2282=ORIENTED_EDGE('',*,*,#832,.T.) ;
#2283=ORIENTED_EDGE('',*,*,#2243,.T.) ;
#2284=ORIENTED_EDGE('',*,*,#2279,.F.) ;
#2305=ORIENTED_EDGE('',*,*,#2298,.F.) ;
#2306=ORIENTED_EDGE('',*,*,#839,.T.) ;
#2307=ORIENTED_EDGE('',*,*,#2274,.T.) ;
#2308=ORIENTED_EDGE('',*,*,#2303,.F.) ;
#2329=ORIENTED_EDGE('',*,*,#2322,.F.) ;
#2330=ORIENTED_EDGE('',*,*,#846,.T.) ;
#2331=ORIENTED_EDGE('',*,*,#2298,.T.) ;
#2332=ORIENTED_EDGE('',*,*,#2327,.F.) ;
#2353=ORIENTED_EDGE('',*,*,#2346,.F.) ;
#2354=ORIENTED_EDGE('',*,*,#853,.T.) ;
#2355=ORIENTED_EDGE('',*,*,#2322,.T.) ;
#2356=ORIENTED_EDGE('',*,*,#2351,.F.) ;
#2377=ORIENTED_EDGE('',*,*,#2370,.F.) ;
#2378=ORIENTED_EDGE('',*,*,#860,.T.) ;
#2379=ORIENTED_EDGE('',*,*,#2346,.T.) ;
#2380=ORIENTED_EDGE('',*,*,#2375,.F.) ;
#2401=ORIENTED_EDGE('',*,*,#2394,.F.) ;
#2402=ORIENTED_EDGE('',*,*,#867,.T.) ;
#2403=ORIENTED_EDGE('',*,*,#2370,.T.) ;
#2404=ORIENTED_EDGE('',*,*,#2399,.F.) ;
#2413=ORIENTED_EDGE('',*,*,#2250,.F.) ;
#2414=ORIENTED_EDGE('',*,*,#872,.T.) ;
#2415=ORIENTED_EDGE('',*,*,#2394,.T.) ;
#2416=ORIENTED_EDGE('',*,*,#2411,.F.) ;
#2425=ORIENTED_EDGE('',*,*,#1273,.T.) ;
#2426=ORIENTED_EDGE('',*,*,#2423,.T.) ;
#2427=ORIENTED_EDGE('',*,*,#1292,.F.) ;
#2428=ORIENTED_EDGE('',*,*,#794,.T.) ;
#2444=ORIENTED_EDGE('',*,*,#2437,.T.) ;
#2445=ORIENTED_EDGE('',*,*,#2442,.T.) ;
#2446=ORIENTED_EDGE('',*,*,#1213,.F.) ;
#2447=ORIENTED_EDGE('',*,*,#760,.T.) ;
#2456=ORIENTED_EDGE('',*,*,#1304,.T.) ;
#2457=ORIENTED_EDGE('',*,*,#2454,.T.) ;
#2458=ORIENTED_EDGE('',*,*,#2437,.F.) ;
#2459=ORIENTED_EDGE('',*,*,#747,.T.) ;
#2490=ORIENTED_EDGE('',*,*,#2473,.T.) ;
#2491=ORIENTED_EDGE('',*,*,#2478,.T.) ;
#2492=ORIENTED_EDGE('',*,*,#1112,.T.) ;
#2493=ORIENTED_EDGE('',*,*,#2483,.T.) ;
#2494=ORIENTED_EDGE('',*,*,#2169,.F.) ;
#2495=ORIENTED_EDGE('',*,*,#2488,.F.) ;
#2496=ORIENTED_EDGE('',*,*,#674,.T.) ;
#2497=ORIENTED_EDGE('',*,*,#1098,.T.) ;
#2513=ORIENTED_EDGE('',*,*,#647,.T.) ;
#2514=ORIENTED_EDGE('',*,*,#2506,.T.) ;
#2515=ORIENTED_EDGE('',*,*,#2511,.T.) ;
#2516=ORIENTED_EDGE('',*,*,#1072,.F.) ;
#2532=ORIENTED_EDGE('',*,*,#2525,.T.) ;
#2533=ORIENTED_EDGE('',*,*,#2530,.T.) ;
#2534=ORIENTED_EDGE('',*,*,#2506,.F.) ;
#2535=ORIENTED_EDGE('',*,*,#639,.T.) ;
#2556=ORIENTED_EDGE('',*,*,#630,.T.) ;
#2557=ORIENTED_EDGE('',*,*,#2549,.T.) ;
#2558=ORIENTED_EDGE('',*,*,#2554,.T.) ;
#2559=ORIENTED_EDGE('',*,*,#2525,.F.) ;
#2582=ORIENTED_EDGE('',*,*,#2568,.F.) ;
#2583=ORIENTED_EDGE('',*,*,#2575,.F.) ;
#2584=ORIENTED_EDGE('',*,*,#2580,.T.) ;
#2585=ORIENTED_EDGE('',*,*,#544,.T.) ;
#2594=ORIENTED_EDGE('',*,*,#2580,.F.) ;
#2595=ORIENTED_EDGE('',*,*,#2592,.F.) ;
#2596=ORIENTED_EDGE('',*,*,#2568,.T.) ;
#2597=ORIENTED_EDGE('',*,*,#527,.T.) ;
#2613=ORIENTED_EDGE('',*,*,#2606,.F.) ;
#2614=ORIENTED_EDGE('',*,*,#2611,.F.) ;
#2615=ORIENTED_EDGE('',*,*,#971,.T.) ;
#2616=ORIENTED_EDGE('',*,*,#597,.T.) ;
#2617=ORIENTED_EDGE('',*,*,#449,.T.) ;
#2633=ORIENTED_EDGE('',*,*,#2626,.F.) ;
#2634=ORIENTED_EDGE('',*,*,#2631,.F.) ;
#2635=ORIENTED_EDGE('',*,*,#2606,.T.) ;
#2636=ORIENTED_EDGE('',*,*,#441,.T.) ;
#2645=ORIENTED_EDGE('',*,*,#432,.T.) ;
#2646=ORIENTED_EDGE('',*,*,#1034,.F.) ;
#2647=ORIENTED_EDGE('',*,*,#2643,.F.) ;
#2648=ORIENTED_EDGE('',*,*,#2626,.T.) ;
#2657=ORIENTED_EDGE('',*,*,#1003,.F.) ;
#2658=ORIENTED_EDGE('',*,*,#2655,.F.) ;
#2659=ORIENTED_EDGE('',*,*,#1022,.T.) ;
#2660=ORIENTED_EDGE('',*,*,#415,.T.) ;
#2683=ORIENTED_EDGE('',*,*,#2669,.F.) ;
#2684=ORIENTED_EDGE('',*,*,#294,.T.) ;
#2685=ORIENTED_EDGE('',*,*,#2676,.T.) ;
#2686=ORIENTED_EDGE('',*,*,#2681,.F.) ;
#2702=ORIENTED_EDGE('',*,*,#2695,.F.) ;
#2703=ORIENTED_EDGE('',*,*,#301,.T.) ;
#2704=ORIENTED_EDGE('',*,*,#2669,.T.) ;
#2705=ORIENTED_EDGE('',*,*,#2700,.F.) ;
#2726=ORIENTED_EDGE('',*,*,#2719,.F.) ;
#2727=ORIENTED_EDGE('',*,*,#308,.T.) ;
#2728=ORIENTED_EDGE('',*,*,#2695,.T.) ;
#2729=ORIENTED_EDGE('',*,*,#2724,.F.) ;
#2743=ORIENTED_EDGE('',*,*,#1401,.F.) ;
#2744=ORIENTED_EDGE('',*,*,#2736,.T.) ;
#2745=ORIENTED_EDGE('',*,*,#2186,.T.) ;
#2746=ORIENTED_EDGE('',*,*,#315,.T.) ;
#2747=ORIENTED_EDGE('',*,*,#2719,.T.) ;
#2748=ORIENTED_EDGE('',*,*,#2741,.F.) ;
#2762=ORIENTED_EDGE('',*,*,#2676,.F.) ;
#2763=ORIENTED_EDGE('',*,*,#287,.T.) ;
#2764=ORIENTED_EDGE('',*,*,#252,.T.) ;
#2765=ORIENTED_EDGE('',*,*,#2755,.T.) ;
#2766=ORIENTED_EDGE('',*,*,#1325,.T.) ;
#2767=ORIENTED_EDGE('',*,*,#2760,.F.) ;
#2776=ORIENTED_EDGE('',*,*,#2774,.T.) ;
#2777=ORIENTED_EDGE('',*,*,#206,.T.) ;
#2778=ORIENTED_EDGE('',*,*,#589,.T.) ;
#2779=ORIENTED_EDGE('',*,*,#2488,.T.) ;
#2780=ORIENTED_EDGE('',*,*,#2736,.F.) ;
#2781=ORIENTED_EDGE('',*,*,#1394,.F.) ;
#2782=ORIENTED_EDGE('',*,*,#1363,.F.) ;
#2783=ORIENTED_EDGE('',*,*,#1332,.F.) ;
#2784=ORIENTED_EDGE('',*,*,#2755,.F.) ;
#2801=ORIENTED_EDGE('',*,*,#2794,.T.) ;
#2802=ORIENTED_EDGE('',*,*,#2799,.T.) ;
#2819=ORIENTED_EDGE('',*,*,#2812,.T.) ;
#2820=ORIENTED_EDGE('',*,*,#2817,.T.) ;
#2836=ORIENTED_EDGE('',*,*,#483,.F.) ;
#2837=ORIENTED_EDGE('',*,*,#1058,.F.) ;
#2838=ORIENTED_EDGE('',*,*,#2829,.F.) ;
#2839=ORIENTED_EDGE('',*,*,#2834,.T.) ;
#2860=ORIENTED_EDGE('',*,*,#2848,.T.) ;
#2861=ORIENTED_EDGE('',*,*,#2853,.T.) ;
#2862=ORIENTED_EDGE('',*,*,#95,.T.) ;
#2863=ORIENTED_EDGE('',*,*,#211,.F.) ;
#2864=ORIENTED_EDGE('',*,*,#2774,.F.) ;
#2865=ORIENTED_EDGE('',*,*,#247,.F.) ;
#2866=ORIENTED_EDGE('',*,*,#2858,.F.) ;
#2867=ORIENTED_EDGE('',*,*,#65,.T.) ;
#2895=ORIENTED_EDGE('',*,*,#2883,.T.) ;
#2896=ORIENTED_EDGE('',*,*,#2888,.T.) ;
#2897=ORIENTED_EDGE('',*,*,#1988,.F.) ;
#2898=ORIENTED_EDGE('',*,*,#2893,.F.) ;
#2907=ORIENTED_EDGE('',*,*,#2905,.T.) ;
#2908=ORIENTED_EDGE('',*,*,#2893,.T.) ;
#2909=ORIENTED_EDGE('',*,*,#1974,.F.) ;
#2910=ORIENTED_EDGE('',*,*,#2888,.F.) ;
#2938=ORIENTED_EDGE('',*,*,#2924,.T.) ;
#2939=ORIENTED_EDGE('',*,*,#2931,.T.) ;
#2940=ORIENTED_EDGE('',*,*,#2936,.F.) ;
#2941=ORIENTED_EDGE('',*,*,#2883,.F.) ;
#2955=ORIENTED_EDGE('',*,*,#2936,.T.) ;
#2956=ORIENTED_EDGE('',*,*,#2953,.T.) ;
#2957=ORIENTED_EDGE('',*,*,#2924,.F.) ;
#2958=ORIENTED_EDGE('',*,*,#2905,.F.) ;
#2986=ORIENTED_EDGE('',*,*,#2974,.T.) ;
#2987=ORIENTED_EDGE('',*,*,#2979,.F.) ;
#2988=ORIENTED_EDGE('',*,*,#1935,.F.) ;
#2989=ORIENTED_EDGE('',*,*,#2984,.T.) ;
#2998=ORIENTED_EDGE('',*,*,#2996,.T.) ;
#2999=ORIENTED_EDGE('',*,*,#2984,.F.) ;
#3000=ORIENTED_EDGE('',*,*,#1952,.F.) ;
#3001=ORIENTED_EDGE('',*,*,#2979,.T.) ;
#3015=ORIENTED_EDGE('',*,*,#72,.T.) ;
#3016=ORIENTED_EDGE('',*,*,#2858,.T.) ;
#3017=ORIENTED_EDGE('',*,*,#240,.T.) ;
#3018=ORIENTED_EDGE('',*,*,#3013,.T.) ;
#3019=ORIENTED_EDGE('',*,*,#2829,.T.) ;
#3020=ORIENTED_EDGE('',*,*,#1053,.T.) ;
#3021=ORIENTED_EDGE('',*,*,#569,.T.) ;
#3022=ORIENTED_EDGE('',*,*,#153,.T.) ;
#3039=ORIENTED_EDGE('',*,*,#3032,.F.) ;
#3040=ORIENTED_EDGE('',*,*,#3037,.F.) ;
#3043=ORIENTED_EDGE('',*,*,#2953,.F.) ;
#3044=ORIENTED_EDGE('',*,*,#2931,.F.) ;
#3063=ORIENTED_EDGE('',*,*,#3056,.T.) ;
#3064=ORIENTED_EDGE('',*,*,#3037,.T.) ;
#3065=ORIENTED_EDGE('',*,*,#3061,.F.) ;
#3066=ORIENTED_EDGE('',*,*,#2974,.F.) ;
#3075=ORIENTED_EDGE('',*,*,#3061,.T.) ;
#3076=ORIENTED_EDGE('',*,*,#3032,.T.) ;
#3077=ORIENTED_EDGE('',*,*,#3056,.F.) ;
#3078=ORIENTED_EDGE('',*,*,#2996,.F.) ;
#3106=ORIENTED_EDGE('',*,*,#3094,.T.) ;
#3107=ORIENTED_EDGE('',*,*,#3099,.T.) ;
#3108=ORIENTED_EDGE('',*,*,#2105,.F.) ;
#3109=ORIENTED_EDGE('',*,*,#3104,.F.) ;
#3118=ORIENTED_EDGE('',*,*,#3116,.T.) ;
#3119=ORIENTED_EDGE('',*,*,#3104,.T.) ;
#3120=ORIENTED_EDGE('',*,*,#2088,.F.) ;
#3121=ORIENTED_EDGE('',*,*,#3099,.F.) ;
#3125=ORIENTED_EDGE('',*,*,#2592,.T.) ;
#3126=ORIENTED_EDGE('',*,*,#2575,.T.) ;
#3143=ORIENTED_EDGE('',*,*,#3136,.F.) ;
#3144=ORIENTED_EDGE('',*,*,#3141,.F.) ;
#3163=ORIENTED_EDGE('',*,*,#3156,.T.) ;
#3164=ORIENTED_EDGE('',*,*,#3141,.T.) ;
#3165=ORIENTED_EDGE('',*,*,#3161,.F.) ;
#3166=ORIENTED_EDGE('',*,*,#3094,.F.) ;
#3175=ORIENTED_EDGE('',*,*,#3161,.T.) ;
#3176=ORIENTED_EDGE('',*,*,#3136,.T.) ;
#3177=ORIENTED_EDGE('',*,*,#3156,.F.) ;
#3178=ORIENTED_EDGE('',*,*,#3116,.F.) ;
#3206=ORIENTED_EDGE('',*,*,#3194,.T.) ;
#3207=ORIENTED_EDGE('',*,*,#3199,.F.) ;
#3208=ORIENTED_EDGE('',*,*,#2049,.F.) ;
#3209=ORIENTED_EDGE('',*,*,#3204,.T.) ;
#3218=ORIENTED_EDGE('',*,*,#3216,.T.) ;
#3219=ORIENTED_EDGE('',*,*,#3204,.F.) ;
#3220=ORIENTED_EDGE('',*,*,#2063,.F.) ;
#3221=ORIENTED_EDGE('',*,*,#3199,.T.) ;
#3249=ORIENTED_EDGE('',*,*,#3235,.T.) ;
#3250=ORIENTED_EDGE('',*,*,#3242,.T.) ;
#3251=ORIENTED_EDGE('',*,*,#3247,.F.) ;
#3252=ORIENTED_EDGE('',*,*,#3216,.F.) ;
#3266=ORIENTED_EDGE('',*,*,#3247,.T.) ;
#3267=ORIENTED_EDGE('',*,*,#3264,.T.) ;
#3268=ORIENTED_EDGE('',*,*,#3235,.F.) ;
#3269=ORIENTED_EDGE('',*,*,#3194,.F.) ;
#3297=ORIENTED_EDGE('',*,*,#3285,.T.) ;
#3298=ORIENTED_EDGE('',*,*,#3290,.F.) ;
#3299=ORIENTED_EDGE('',*,*,#2010,.F.) ;
#3300=ORIENTED_EDGE('',*,*,#3295,.T.) ;
#3309=ORIENTED_EDGE('',*,*,#3307,.T.) ;
#3310=ORIENTED_EDGE('',*,*,#3295,.F.) ;
#3311=ORIENTED_EDGE('',*,*,#2027,.F.) ;
#3312=ORIENTED_EDGE('',*,*,#3290,.T.) ;
#3316=ORIENTED_EDGE('',*,*,#978,.T.) ;
#3317=ORIENTED_EDGE('',*,*,#2611,.T.) ;
#3318=ORIENTED_EDGE('',*,*,#2631,.T.) ;
#3319=ORIENTED_EDGE('',*,*,#2643,.T.) ;
#3320=ORIENTED_EDGE('',*,*,#1029,.T.) ;
#3321=ORIENTED_EDGE('',*,*,#2655,.T.) ;
#3322=ORIENTED_EDGE('',*,*,#998,.T.) ;
#3339=ORIENTED_EDGE('',*,*,#3332,.F.) ;
#3340=ORIENTED_EDGE('',*,*,#3337,.F.) ;
#3343=ORIENTED_EDGE('',*,*,#3264,.F.) ;
#3344=ORIENTED_EDGE('',*,*,#3242,.F.) ;
#3363=ORIENTED_EDGE('',*,*,#3356,.T.) ;
#3364=ORIENTED_EDGE('',*,*,#3337,.T.) ;
#3365=ORIENTED_EDGE('',*,*,#3361,.F.) ;
#3366=ORIENTED_EDGE('',*,*,#3307,.F.) ;
#3375=ORIENTED_EDGE('',*,*,#3361,.T.) ;
#3376=ORIENTED_EDGE('',*,*,#3332,.T.) ;
#3377=ORIENTED_EDGE('',*,*,#3356,.F.) ;
#3378=ORIENTED_EDGE('',*,*,#3285,.F.) ;
#3406=ORIENTED_EDGE('',*,*,#3394,.T.) ;
#3407=ORIENTED_EDGE('',*,*,#3399,.F.) ;
#3408=ORIENTED_EDGE('',*,*,#114,.T.) ;
#3409=ORIENTED_EDGE('',*,*,#2853,.F.) ;
#3410=ORIENTED_EDGE('',*,*,#3404,.T.) ;
#3414=ORIENTED_EDGE('',*,*,#2834,.F.) ;
#3415=ORIENTED_EDGE('',*,*,#3013,.F.) ;
#3416=ORIENTED_EDGE('',*,*,#233,.T.) ;
#3417=ORIENTED_EDGE('',*,*,#280,.T.) ;
#3418=ORIENTED_EDGE('',*,*,#488,.T.) ;
#3435=ORIENTED_EDGE('',*,*,#3428,.F.) ;
#3436=ORIENTED_EDGE('',*,*,#3433,.F.) ;
#3445=ORIENTED_EDGE('',*,*,#3443,.T.) ;
#3446=ORIENTED_EDGE('',*,*,#3404,.F.) ;
#3447=ORIENTED_EDGE('',*,*,#2848,.F.) ;
#3448=ORIENTED_EDGE('',*,*,#131,.F.) ;
#3449=ORIENTED_EDGE('',*,*,#3399,.T.) ;
#3468=ORIENTED_EDGE('',*,*,#3461,.T.) ;
#3469=ORIENTED_EDGE('',*,*,#3433,.T.) ;
#3470=ORIENTED_EDGE('',*,*,#3466,.F.) ;
#3471=ORIENTED_EDGE('',*,*,#3443,.F.) ;
#3480=ORIENTED_EDGE('',*,*,#3466,.T.) ;
#3481=ORIENTED_EDGE('',*,*,#3428,.T.) ;
#3482=ORIENTED_EDGE('',*,*,#3461,.F.) ;
#3483=ORIENTED_EDGE('',*,*,#3394,.F.) ;
#3511=ORIENTED_EDGE('',*,*,#3499,.T.) ;
#3512=ORIENTED_EDGE('',*,*,#3504,.F.) ;
#3513=ORIENTED_EDGE('',*,*,#345,.F.) ;
#3514=ORIENTED_EDGE('',*,*,#3509,.T.) ;
#3523=ORIENTED_EDGE('',*,*,#3521,.T.) ;
#3524=ORIENTED_EDGE('',*,*,#3509,.F.) ;
#3525=ORIENTED_EDGE('',*,*,#340,.F.) ;
#3526=ORIENTED_EDGE('',*,*,#3504,.T.) ;
#3554=ORIENTED_EDGE('',*,*,#3540,.T.) ;
#3555=ORIENTED_EDGE('',*,*,#3547,.T.) ;
#3556=ORIENTED_EDGE('',*,*,#3552,.F.) ;
#3557=ORIENTED_EDGE('',*,*,#3521,.F.) ;
#3571=ORIENTED_EDGE('',*,*,#3552,.T.) ;
#3572=ORIENTED_EDGE('',*,*,#3569,.T.) ;
#3573=ORIENTED_EDGE('',*,*,#3540,.F.) ;
#3574=ORIENTED_EDGE('',*,*,#3499,.F.) ;
#3602=ORIENTED_EDGE('',*,*,#3590,.T.) ;
#3603=ORIENTED_EDGE('',*,*,#3595,.F.) ;
#3604=ORIENTED_EDGE('',*,*,#2794,.F.) ;
#3605=ORIENTED_EDGE('',*,*,#3600,.T.) ;
#3614=ORIENTED_EDGE('',*,*,#3612,.T.) ;
#3615=ORIENTED_EDGE('',*,*,#3600,.F.) ;
#3616=ORIENTED_EDGE('',*,*,#2799,.F.) ;
#3617=ORIENTED_EDGE('',*,*,#3595,.T.) ;
#3645=ORIENTED_EDGE('',*,*,#3631,.T.) ;
#3646=ORIENTED_EDGE('',*,*,#3638,.T.) ;
#3647=ORIENTED_EDGE('',*,*,#3643,.F.) ;
#3648=ORIENTED_EDGE('',*,*,#3612,.F.) ;
#3662=ORIENTED_EDGE('',*,*,#3643,.T.) ;
#3663=ORIENTED_EDGE('',*,*,#3660,.T.) ;
#3664=ORIENTED_EDGE('',*,*,#3631,.F.) ;
#3665=ORIENTED_EDGE('',*,*,#3590,.F.) ;
#3693=ORIENTED_EDGE('',*,*,#3681,.T.) ;
#3694=ORIENTED_EDGE('',*,*,#3686,.F.) ;
#3695=ORIENTED_EDGE('',*,*,#2812,.F.) ;
#3696=ORIENTED_EDGE('',*,*,#3691,.T.) ;
#3705=ORIENTED_EDGE('',*,*,#3703,.T.) ;
#3706=ORIENTED_EDGE('',*,*,#3691,.F.) ;
#3707=ORIENTED_EDGE('',*,*,#2817,.F.) ;
#3708=ORIENTED_EDGE('',*,*,#3686,.T.) ;
#3736=ORIENTED_EDGE('',*,*,#3722,.T.) ;
#3737=ORIENTED_EDGE('',*,*,#3729,.T.) ;
#3738=ORIENTED_EDGE('',*,*,#3734,.F.) ;
#3739=ORIENTED_EDGE('',*,*,#3703,.F.) ;
#3753=ORIENTED_EDGE('',*,*,#3734,.T.) ;
#3754=ORIENTED_EDGE('',*,*,#3751,.T.) ;
#3755=ORIENTED_EDGE('',*,*,#3722,.F.) ;
#3756=ORIENTED_EDGE('',*,*,#3681,.F.) ;
#3784=ORIENTED_EDGE('',*,*,#3772,.T.) ;
#3785=ORIENTED_EDGE('',*,*,#3777,.F.) ;
#3786=ORIENTED_EDGE('',*,*,#363,.F.) ;
#3787=ORIENTED_EDGE('',*,*,#3782,.T.) ;
#3796=ORIENTED_EDGE('',*,*,#3794,.T.) ;
#3797=ORIENTED_EDGE('',*,*,#3782,.F.) ;
#3798=ORIENTED_EDGE('',*,*,#358,.F.) ;
#3799=ORIENTED_EDGE('',*,*,#3777,.T.) ;
#3803=ORIENTED_EDGE('',*,*,#2681,.T.) ;
#3804=ORIENTED_EDGE('',*,*,#2760,.T.) ;
#3805=ORIENTED_EDGE('',*,*,#1344,.T.) ;
#3806=ORIENTED_EDGE('',*,*,#1375,.T.) ;
#3807=ORIENTED_EDGE('',*,*,#1406,.T.) ;
#3808=ORIENTED_EDGE('',*,*,#2741,.T.) ;
#3809=ORIENTED_EDGE('',*,*,#2724,.T.) ;
#3810=ORIENTED_EDGE('',*,*,#2700,.T.) ;
#3827=ORIENTED_EDGE('',*,*,#3820,.F.) ;
#3828=ORIENTED_EDGE('',*,*,#3825,.F.) ;
#3831=ORIENTED_EDGE('',*,*,#3751,.F.) ;
#3832=ORIENTED_EDGE('',*,*,#3729,.F.) ;
#3835=ORIENTED_EDGE('',*,*,#3660,.F.) ;
#3836=ORIENTED_EDGE('',*,*,#3638,.F.) ;
#3839=ORIENTED_EDGE('',*,*,#3569,.F.) ;
#3840=ORIENTED_EDGE('',*,*,#3547,.F.) ;
#3843=ORIENTED_EDGE('',*,*,#2229,.F.) ;
#3844=ORIENTED_EDGE('',*,*,#2212,.F.) ;
#3863=ORIENTED_EDGE('',*,*,#3856,.T.) ;
#3864=ORIENTED_EDGE('',*,*,#3825,.T.) ;
#3865=ORIENTED_EDGE('',*,*,#3861,.F.) ;
#3866=ORIENTED_EDGE('',*,*,#3794,.F.) ;
#3875=ORIENTED_EDGE('',*,*,#3861,.T.) ;
#3876=ORIENTED_EDGE('',*,*,#3820,.T.) ;
#3877=ORIENTED_EDGE('',*,*,#3856,.F.) ;
#3878=ORIENTED_EDGE('',*,*,#3772,.F.) ;
#3906=ORIENTED_EDGE('',*,*,#3894,.T.) ;
#3907=ORIENTED_EDGE('',*,*,#3899,.F.) ;
#3908=ORIENTED_EDGE('',*,*,#900,.F.) ;
#3909=ORIENTED_EDGE('',*,*,#3904,.T.) ;
#3918=ORIENTED_EDGE('',*,*,#3916,.T.) ;
#3919=ORIENTED_EDGE('',*,*,#3904,.F.) ;
#3920=ORIENTED_EDGE('',*,*,#895,.F.) ;
#3921=ORIENTED_EDGE('',*,*,#3899,.T.) ;
#3949=ORIENTED_EDGE('',*,*,#3935,.T.) ;
#3950=ORIENTED_EDGE('',*,*,#3942,.T.) ;
#3951=ORIENTED_EDGE('',*,*,#3947,.F.) ;
#3952=ORIENTED_EDGE('',*,*,#3916,.F.) ;
#3966=ORIENTED_EDGE('',*,*,#3947,.T.) ;
#3967=ORIENTED_EDGE('',*,*,#3964,.T.) ;
#3968=ORIENTED_EDGE('',*,*,#3935,.F.) ;
#3969=ORIENTED_EDGE('',*,*,#3894,.F.) ;
#3997=ORIENTED_EDGE('',*,*,#3985,.T.) ;
#3998=ORIENTED_EDGE('',*,*,#3990,.F.) ;
#3999=ORIENTED_EDGE('',*,*,#918,.F.) ;
#4000=ORIENTED_EDGE('',*,*,#3995,.T.) ;
#4009=ORIENTED_EDGE('',*,*,#4007,.T.) ;
#4010=ORIENTED_EDGE('',*,*,#3995,.F.) ;
#4011=ORIENTED_EDGE('',*,*,#913,.F.) ;
#4012=ORIENTED_EDGE('',*,*,#3990,.T.) ;
#4040=ORIENTED_EDGE('',*,*,#4026,.T.) ;
#4041=ORIENTED_EDGE('',*,*,#4033,.T.) ;
#4042=ORIENTED_EDGE('',*,*,#4038,.F.) ;
#4043=ORIENTED_EDGE('',*,*,#4007,.F.) ;
#4057=ORIENTED_EDGE('',*,*,#4038,.T.) ;
#4058=ORIENTED_EDGE('',*,*,#4055,.T.) ;
#4059=ORIENTED_EDGE('',*,*,#4026,.F.) ;
#4060=ORIENTED_EDGE('',*,*,#3985,.F.) ;
#4088=ORIENTED_EDGE('',*,*,#4076,.T.) ;
#4089=ORIENTED_EDGE('',*,*,#4081,.F.) ;
#4090=ORIENTED_EDGE('',*,*,#954,.F.) ;
#4091=ORIENTED_EDGE('',*,*,#4086,.T.) ;
#4100=ORIENTED_EDGE('',*,*,#4098,.T.) ;
#4101=ORIENTED_EDGE('',*,*,#4086,.F.) ;
#4102=ORIENTED_EDGE('',*,*,#949,.F.) ;
#4103=ORIENTED_EDGE('',*,*,#4081,.T.) ;
#4131=ORIENTED_EDGE('',*,*,#4117,.T.) ;
#4132=ORIENTED_EDGE('',*,*,#4124,.T.) ;
#4133=ORIENTED_EDGE('',*,*,#4129,.F.) ;
#4134=ORIENTED_EDGE('',*,*,#4098,.F.) ;
#4148=ORIENTED_EDGE('',*,*,#4129,.T.) ;
#4149=ORIENTED_EDGE('',*,*,#4146,.T.) ;
#4150=ORIENTED_EDGE('',*,*,#4117,.F.) ;
#4151=ORIENTED_EDGE('',*,*,#4076,.F.) ;
#4179=ORIENTED_EDGE('',*,*,#4167,.T.) ;
#4180=ORIENTED_EDGE('',*,*,#4172,.F.) ;
#4181=ORIENTED_EDGE('',*,*,#936,.F.) ;
#4182=ORIENTED_EDGE('',*,*,#4177,.T.) ;
#4191=ORIENTED_EDGE('',*,*,#4189,.T.) ;
#4192=ORIENTED_EDGE('',*,*,#4177,.F.) ;
#4193=ORIENTED_EDGE('',*,*,#931,.F.) ;
#4194=ORIENTED_EDGE('',*,*,#4172,.T.) ;
#4198=ORIENTED_EDGE('',*,*,#2411,.T.) ;
#4199=ORIENTED_EDGE('',*,*,#2399,.T.) ;
#4200=ORIENTED_EDGE('',*,*,#2375,.T.) ;
#4201=ORIENTED_EDGE('',*,*,#2351,.T.) ;
#4202=ORIENTED_EDGE('',*,*,#2327,.T.) ;
#4203=ORIENTED_EDGE('',*,*,#2303,.T.) ;
#4204=ORIENTED_EDGE('',*,*,#2279,.T.) ;
#4205=ORIENTED_EDGE('',*,*,#2255,.T.) ;
#4222=ORIENTED_EDGE('',*,*,#4215,.F.) ;
#4223=ORIENTED_EDGE('',*,*,#4220,.F.) ;
#4226=ORIENTED_EDGE('',*,*,#4146,.F.) ;
#4227=ORIENTED_EDGE('',*,*,#4124,.F.) ;
#4230=ORIENTED_EDGE('',*,*,#4055,.F.) ;
#4231=ORIENTED_EDGE('',*,*,#4033,.F.) ;
#4234=ORIENTED_EDGE('',*,*,#3964,.F.) ;
#4235=ORIENTED_EDGE('',*,*,#3942,.F.) ;
#4238=ORIENTED_EDGE('',*,*,#2153,.F.) ;
#4239=ORIENTED_EDGE('',*,*,#2136,.F.) ;
#4258=ORIENTED_EDGE('',*,*,#4251,.T.) ;
#4259=ORIENTED_EDGE('',*,*,#4220,.T.) ;
#4260=ORIENTED_EDGE('',*,*,#4256,.F.) ;
#4261=ORIENTED_EDGE('',*,*,#4189,.F.) ;
#4270=ORIENTED_EDGE('',*,*,#4256,.T.) ;
#4271=ORIENTED_EDGE('',*,*,#4215,.T.) ;
#4272=ORIENTED_EDGE('',*,*,#4251,.F.) ;
#4273=ORIENTED_EDGE('',*,*,#4167,.F.) ;
#4296=ORIENTED_EDGE('',*,*,#4284,.F.) ;
#4297=ORIENTED_EDGE('',*,*,#4289,.F.) ;
#4298=ORIENTED_EDGE('',*,*,#1489,.T.) ;
#4299=ORIENTED_EDGE('',*,*,#4294,.T.) ;
#4308=ORIENTED_EDGE('',*,*,#4306,.F.) ;
#4309=ORIENTED_EDGE('',*,*,#4294,.F.) ;
#4310=ORIENTED_EDGE('',*,*,#1503,.T.) ;
#4311=ORIENTED_EDGE('',*,*,#4289,.T.) ;
#4339=ORIENTED_EDGE('',*,*,#4325,.T.) ;
#4340=ORIENTED_EDGE('',*,*,#4306,.T.) ;
#4341=ORIENTED_EDGE('',*,*,#4332,.F.) ;
#4342=ORIENTED_EDGE('',*,*,#4337,.F.) ;
#4356=ORIENTED_EDGE('',*,*,#4332,.T.) ;
#4357=ORIENTED_EDGE('',*,*,#4284,.T.) ;
#4358=ORIENTED_EDGE('',*,*,#4325,.F.) ;
#4359=ORIENTED_EDGE('',*,*,#4354,.F.) ;
#4382=ORIENTED_EDGE('',*,*,#4370,.F.) ;
#4383=ORIENTED_EDGE('',*,*,#4375,.F.) ;
#4384=ORIENTED_EDGE('',*,*,#1539,.T.) ;
#4385=ORIENTED_EDGE('',*,*,#4380,.T.) ;
#4394=ORIENTED_EDGE('',*,*,#4392,.F.) ;
#4395=ORIENTED_EDGE('',*,*,#4380,.F.) ;
#4396=ORIENTED_EDGE('',*,*,#1525,.T.) ;
#4397=ORIENTED_EDGE('',*,*,#4375,.T.) ;
#4411=ORIENTED_EDGE('',*,*,#1079,.F.) ;
#4412=ORIENTED_EDGE('',*,*,#2511,.F.) ;
#4413=ORIENTED_EDGE('',*,*,#2530,.F.) ;
#4414=ORIENTED_EDGE('',*,*,#2554,.F.) ;
#4415=ORIENTED_EDGE('',*,*,#4409,.F.) ;
#4416=ORIENTED_EDGE('',*,*,#2176,.F.) ;
#4417=ORIENTED_EDGE('',*,*,#2483,.F.) ;
#4418=ORIENTED_EDGE('',*,*,#1105,.F.) ;
#4435=ORIENTED_EDGE('',*,*,#4428,.T.) ;
#4436=ORIENTED_EDGE('',*,*,#4433,.T.) ;
#4439=ORIENTED_EDGE('',*,*,#4337,.T.) ;
#4440=ORIENTED_EDGE('',*,*,#4354,.T.) ;
#4459=ORIENTED_EDGE('',*,*,#4452,.T.) ;
#4460=ORIENTED_EDGE('',*,*,#4370,.T.) ;
#4461=ORIENTED_EDGE('',*,*,#4457,.F.) ;
#4462=ORIENTED_EDGE('',*,*,#4428,.F.) ;
#4471=ORIENTED_EDGE('',*,*,#4457,.T.) ;
#4472=ORIENTED_EDGE('',*,*,#4392,.T.) ;
#4473=ORIENTED_EDGE('',*,*,#4452,.F.) ;
#4474=ORIENTED_EDGE('',*,*,#4433,.F.) ;
#4478=ORIENTED_EDGE('',*,*,#1177,.F.) ;
#4479=ORIENTED_EDGE('',*,*,#1194,.F.) ;
#4496=ORIENTED_EDGE('',*,*,#4489,.T.) ;
#4497=ORIENTED_EDGE('',*,*,#4494,.T.) ;
#4520=ORIENTED_EDGE('',*,*,#4508,.F.) ;
#4521=ORIENTED_EDGE('',*,*,#4513,.F.) ;
#4522=ORIENTED_EDGE('',*,*,#1656,.T.) ;
#4523=ORIENTED_EDGE('',*,*,#4518,.T.) ;
#4532=ORIENTED_EDGE('',*,*,#4530,.F.) ;
#4533=ORIENTED_EDGE('',*,*,#4518,.F.) ;
#4534=ORIENTED_EDGE('',*,*,#1639,.T.) ;
#4535=ORIENTED_EDGE('',*,*,#4513,.T.) ;
#4554=ORIENTED_EDGE('',*,*,#4547,.T.) ;
#4555=ORIENTED_EDGE('',*,*,#4508,.T.) ;
#4556=ORIENTED_EDGE('',*,*,#4552,.F.) ;
#4557=ORIENTED_EDGE('',*,*,#4489,.F.) ;
#4566=ORIENTED_EDGE('',*,*,#4552,.T.) ;
#4567=ORIENTED_EDGE('',*,*,#4530,.T.) ;
#4568=ORIENTED_EDGE('',*,*,#4547,.F.) ;
#4569=ORIENTED_EDGE('',*,*,#4494,.F.) ;
#4592=ORIENTED_EDGE('',*,*,#4580,.F.) ;
#4593=ORIENTED_EDGE('',*,*,#4585,.F.) ;
#4594=ORIENTED_EDGE('',*,*,#1564,.T.) ;
#4595=ORIENTED_EDGE('',*,*,#4590,.T.) ;
#4604=ORIENTED_EDGE('',*,*,#4602,.F.) ;
#4605=ORIENTED_EDGE('',*,*,#4590,.F.) ;
#4606=ORIENTED_EDGE('',*,*,#1578,.T.) ;
#4607=ORIENTED_EDGE('',*,*,#4585,.T.) ;
#4635=ORIENTED_EDGE('',*,*,#4621,.T.) ;
#4636=ORIENTED_EDGE('',*,*,#4602,.T.) ;
#4637=ORIENTED_EDGE('',*,*,#4628,.F.) ;
#4638=ORIENTED_EDGE('',*,*,#4633,.F.) ;
#4652=ORIENTED_EDGE('',*,*,#4628,.T.) ;
#4653=ORIENTED_EDGE('',*,*,#4580,.T.) ;
#4654=ORIENTED_EDGE('',*,*,#4621,.F.) ;
#4655=ORIENTED_EDGE('',*,*,#4650,.F.) ;
#4678=ORIENTED_EDGE('',*,*,#4666,.F.) ;
#4679=ORIENTED_EDGE('',*,*,#4671,.T.) ;
#4680=ORIENTED_EDGE('',*,*,#1600,.T.) ;
#4681=ORIENTED_EDGE('',*,*,#4676,.F.) ;
#4690=ORIENTED_EDGE('',*,*,#4688,.F.) ;
#4691=ORIENTED_EDGE('',*,*,#4676,.T.) ;
#4692=ORIENTED_EDGE('',*,*,#1614,.T.) ;
#4693=ORIENTED_EDGE('',*,*,#4671,.F.) ;
#4697=ORIENTED_EDGE('',*,*,#2454,.F.) ;
#4698=ORIENTED_EDGE('',*,*,#1299,.F.) ;
#4699=ORIENTED_EDGE('',*,*,#2423,.F.) ;
#4700=ORIENTED_EDGE('',*,*,#1268,.F.) ;
#4701=ORIENTED_EDGE('',*,*,#1244,.F.) ;
#4702=ORIENTED_EDGE('',*,*,#1220,.F.) ;
#4703=ORIENTED_EDGE('',*,*,#2442,.F.) ;
#4720=ORIENTED_EDGE('',*,*,#4713,.T.) ;
#4721=ORIENTED_EDGE('',*,*,#4718,.T.) ;
#4724=ORIENTED_EDGE('',*,*,#4633,.T.) ;
#4725=ORIENTED_EDGE('',*,*,#4650,.T.) ;
#4744=ORIENTED_EDGE('',*,*,#4737,.T.) ;
#4745=ORIENTED_EDGE('',*,*,#4688,.T.) ;
#4746=ORIENTED_EDGE('',*,*,#4742,.F.) ;
#4747=ORIENTED_EDGE('',*,*,#4713,.F.) ;
#4756=ORIENTED_EDGE('',*,*,#4742,.T.) ;
#4757=ORIENTED_EDGE('',*,*,#4666,.T.) ;
#4758=ORIENTED_EDGE('',*,*,#4737,.F.) ;
#4759=ORIENTED_EDGE('',*,*,#4718,.F.) ;
#4787=ORIENTED_EDGE('',*,*,#4775,.T.) ;
#4788=ORIENTED_EDGE('',*,*,#4780,.F.) ;
#4789=ORIENTED_EDGE('',*,*,#2473,.F.) ;
#4790=ORIENTED_EDGE('',*,*,#1148,.F.) ;
#4791=ORIENTED_EDGE('',*,*,#4785,.T.) ;
#4800=ORIENTED_EDGE('',*,*,#4798,.T.) ;
#4801=ORIENTED_EDGE('',*,*,#4785,.F.) ;
#4802=ORIENTED_EDGE('',*,*,#1131,.T.) ;
#4803=ORIENTED_EDGE('',*,*,#2478,.F.) ;
#4804=ORIENTED_EDGE('',*,*,#4780,.T.) ;
#4808=ORIENTED_EDGE('',*,*,#320,.T.) ;
#4809=ORIENTED_EDGE('',*,*,#2181,.T.) ;
#4810=ORIENTED_EDGE('',*,*,#4409,.T.) ;
#4811=ORIENTED_EDGE('',*,*,#2549,.F.) ;
#4812=ORIENTED_EDGE('',*,*,#620,.F.) ;
#4829=ORIENTED_EDGE('',*,*,#4822,.F.) ;
#4830=ORIENTED_EDGE('',*,*,#4827,.F.) ;
#4849=ORIENTED_EDGE('',*,*,#4842,.T.) ;
#4850=ORIENTED_EDGE('',*,*,#4827,.T.) ;
#4851=ORIENTED_EDGE('',*,*,#4847,.F.) ;
#4852=ORIENTED_EDGE('',*,*,#4775,.F.) ;
#4861=ORIENTED_EDGE('',*,*,#4847,.T.) ;
#4862=ORIENTED_EDGE('',*,*,#4822,.T.) ;
#4863=ORIENTED_EDGE('',*,*,#4842,.F.) ;
#4864=ORIENTED_EDGE('',*,*,#4798,.F.) ;
#349=FACE_BOUND('',#346,.T.) ;
#367=FACE_BOUND('',#364,.T.) ;
#548=FACE_BOUND('',#545,.T.) ;
#736=FACE_BOUND('',#733,.T.) ;
#810=FACE_BOUND('',#802,.T.) ;
#886=FACE_BOUND('',#883,.T.) ;
#904=FACE_BOUND('',#901,.T.) ;
#922=FACE_BOUND('',#919,.T.) ;
#940=FACE_BOUND('',#937,.T.) ;
#958=FACE_BOUND('',#955,.T.) ;
#1507=FACE_BOUND('',#1504,.T.) ;
#1543=FACE_BOUND('',#1540,.T.) ;
#1582=FACE_BOUND('',#1579,.T.) ;
#1618=FACE_BOUND('',#1615,.T.) ;
#1660=FACE_BOUND('',#1657,.T.) ;
#1702=FACE_BOUND('',#1699,.T.) ;
#1830=FACE_BOUND('',#1827,.T.) ;
#1858=FACE_BOUND('',#1855,.T.) ;
#1902=FACE_BOUND('',#1899,.T.) ;
#1956=FACE_BOUND('',#1953,.T.) ;
#1992=FACE_BOUND('',#1989,.T.) ;
#2031=FACE_BOUND('',#2028,.T.) ;
#2067=FACE_BOUND('',#2064,.T.) ;
#2109=FACE_BOUND('',#2106,.T.) ;
#2803=FACE_BOUND('',#2800,.T.) ;
#2821=FACE_BOUND('',#2818,.T.) ;
#3041=FACE_BOUND('',#3038,.T.) ;
#3045=FACE_BOUND('',#3042,.T.) ;
#3145=FACE_BOUND('',#3142,.T.) ;
#3341=FACE_BOUND('',#3338,.T.) ;
#3345=FACE_BOUND('',#3342,.T.) ;
#3437=FACE_BOUND('',#3434,.T.) ;
#3829=FACE_BOUND('',#3826,.T.) ;
#3833=FACE_BOUND('',#3830,.T.) ;
#3837=FACE_BOUND('',#3834,.T.) ;
#3841=FACE_BOUND('',#3838,.T.) ;
#3845=FACE_BOUND('',#3842,.T.) ;
#4224=FACE_BOUND('',#4221,.T.) ;
#4228=FACE_BOUND('',#4225,.T.) ;
#4232=FACE_BOUND('',#4229,.T.) ;
#4236=FACE_BOUND('',#4233,.T.) ;
#4240=FACE_BOUND('',#4237,.T.) ;
#4437=FACE_BOUND('',#4434,.T.) ;
#4441=FACE_BOUND('',#4438,.T.) ;
#4498=FACE_BOUND('',#4495,.T.) ;
#4722=FACE_BOUND('',#4719,.T.) ;
#4726=FACE_BOUND('',#4723,.T.) ;
#4831=FACE_BOUND('',#4828,.T.) ;
#51=CLOSED_SHELL('Closed Shell',(#141,#187,#219,#259,#368,#549,#582,#811,#959,#991,#1010,#1041,#1065,#1091,#1158,#1189,#1201,#1232,#1256,#1280,#1311,#1351,#1382,#1413,#1661,#1703,#1734,#1746,#1786,#1803,#1831,#1859,#1884,#1903,#2110,#2117,#2148,#2160,#2193,#2224,#2236,#2262,#2286,#2310,#2334,#2358,#2382,#2406,#2418,#2430,#2449,#2461,#2499,#2518,#2537,#2561,#2587,#2599,#2619,#2638,#2650,#2662,#2688,#2707,#2731,#2750,#2769,#2822,#2841,#2869,#2900,#2912,#2943,#2960,#2991,#3003,#3046,#3068,#3080,#3111,#3123,#3146,#3168,#3180,#3211,#3223,#3254,#3271,#3302,#3314,#3346,#3368,#3380,#3412,#3438,#3451,#3473,#3485,#3516,#3528,#3559,#3576,#3607,#3619,#3650,#3667,#3698,#3710,#3741,#3758,#3789,#3801,#3846,#3868,#3880,#3911,#3923,#3954,#3971,#4002,#4014,#4045,#4062,#4093,#4105,#4136,#4153,#4184,#4196,#4241,#4263,#4275,#4301,#4313,#4344,#4361,#4387,#4399,#4442,#4464,#4476,#4499,#4525,#4537,#4559,#4571,#4597,#4609,#4640,#4657,#4683,#4695,#4727,#4749,#4761,#4793,#4806,#4832,#4854,#4866)) ;
#59=VECTOR('Line Direction',#58,1.) ;
#75=VECTOR('Line Direction',#74,1.) ;
#91=VECTOR('Line Direction',#90,1.) ;
#156=VECTOR('Line Direction',#155,1.) ;
#195=VECTOR('Line Direction',#194,1.) ;
#209=VECTOR('Line Direction',#208,1.) ;
#227=VECTOR('Line Direction',#226,1.) ;
#236=VECTOR('Line Direction',#235,1.) ;
#243=VECTOR('Line Direction',#242,1.) ;
#250=VECTOR('Line Direction',#249,1.) ;
#278=VECTOR('Line Direction',#277,1.) ;
#283=VECTOR('Line Direction',#282,1.) ;
#297=VECTOR('Line Direction',#296,1.) ;
#311=VECTOR('Line Direction',#310,1.) ;
#318=VECTOR('Line Direction',#317,1.) ;
#371=VECTOR('Line Direction',#370,1.) ;
#385=VECTOR('Line Direction',#384,1.) ;
#418=VECTOR('Line Direction',#417,1.) ;
#452=VECTOR('Line Direction',#451,1.) ;
#486=VECTOR('Line Direction',#485,1.) ;
#565=VECTOR('Line Direction',#564,1.) ;
#572=VECTOR('Line Direction',#571,1.) ;
#616=VECTOR('Line Direction',#615,1.) ;
#672=VECTOR('Line Direction',#671,1.) ;
#790=VECTOR('Line Direction',#789,1.) ;
#819=VECTOR('Line Direction',#818,1.) ;
#835=VECTOR('Line Direction',#834,1.) ;
#849=VECTOR('Line Direction',#848,1.) ;
#863=VECTOR('Line Direction',#862,1.) ;
#967=VECTOR('Line Direction',#966,1.) ;
#981=VECTOR('Line Direction',#980,1.) ;
#1001=VECTOR('Line Direction',#1000,1.) ;
#1018=VECTOR('Line Direction',#1017,1.) ;
#1025=VECTOR('Line Direction',#1024,1.) ;
#1032=VECTOR('Line Direction',#1031,1.) ;
#1056=VECTOR('Line Direction',#1055,1.) ;
#1068=VECTOR('Line Direction',#1067,1.) ;
#1082=VECTOR('Line Direction',#1081,1.) ;
#1094=VECTOR('Line Direction',#1093,1.) ;
#1108=VECTOR('Line Direction',#1107,1.) ;
#1166=VECTOR('Line Direction',#1165,1.) ;
#1180=VECTOR('Line Direction',#1179,1.) ;
#1209=VECTOR('Line Direction',#1208,1.) ;
#1216=VECTOR('Line Direction',#1215,1.) ;
#1223=VECTOR('Line Direction',#1222,1.) ;
#1247=VECTOR('Line Direction',#1246,1.) ;
#1271=VECTOR('Line Direction',#1270,1.) ;
#1288=VECTOR('Line Direction',#1287,1.) ;
#1302=VECTOR('Line Direction',#1301,1.) ;
#1319=VECTOR('Line Direction',#1318,1.) ;
#1335=VECTOR('Line Direction',#1334,1.) ;
#1359=VECTOR('Line Direction',#1358,1.) ;
#1366=VECTOR('Line Direction',#1365,1.) ;
#1373=VECTOR('Line Direction',#1372,1.) ;
#1397=VECTOR('Line Direction',#1396,1.) ;
#1421=VECTOR('Line Direction',#1420,1.) ;
#1437=VECTOR('Line Direction',#1436,1.) ;
#1451=VECTOR('Line Direction',#1450,1.) ;
#1720=VECTOR('Line Direction',#1719,1.) ;
#1725=VECTOR('Line Direction',#1724,1.) ;
#1763=VECTOR('Line Direction',#1762,1.) ;
#1777=VECTOR('Line Direction',#1776,1.) ;
#1869=VECTOR('Line Direction',#1868,1.) ;
#1874=VECTOR('Line Direction',#1873,1.) ;
#1906=VECTOR('Line Direction',#1905,1.) ;
#2125=VECTOR('Line Direction',#2124,1.) ;
#2139=VECTOR('Line Direction',#2138,1.) ;
#2163=VECTOR('Line Direction',#2162,1.) ;
#2172=VECTOR('Line Direction',#2171,1.) ;
#2179=VECTOR('Line Direction',#2178,1.) ;
#2184=VECTOR('Line Direction',#2183,1.) ;
#2201=VECTOR('Line Direction',#2200,1.) ;
#2215=VECTOR('Line Direction',#2214,1.) ;
#2239=VECTOR('Line Direction',#2238,1.) ;
#2246=VECTOR('Line Direction',#2245,1.) ;
#2253=VECTOR('Line Direction',#2252,1.) ;
#2270=VECTOR('Line Direction',#2269,1.) ;
#2294=VECTOR('Line Direction',#2293,1.) ;
#2301=VECTOR('Line Direction',#2300,1.) ;
#2318=VECTOR('Line Direction',#2317,1.) ;
#2342=VECTOR('Line Direction',#2341,1.) ;
#2349=VECTOR('Line Direction',#2348,1.) ;
#2366=VECTOR('Line Direction',#2365,1.) ;
#2390=VECTOR('Line Direction',#2389,1.) ;
#2397=VECTOR('Line Direction',#2396,1.) ;
#2421=VECTOR('Line Direction',#2420,1.) ;
#2433=VECTOR('Line Direction',#2432,1.) ;
#2481=VECTOR('Line Direction',#2480,1.) ;
#2486=VECTOR('Line Direction',#2485,1.) ;
#2502=VECTOR('Line Direction',#2501,1.) ;
#2509=VECTOR('Line Direction',#2508,1.) ;
#2521=VECTOR('Line Direction',#2520,1.) ;
#2545=VECTOR('Line Direction',#2544,1.) ;
#2564=VECTOR('Line Direction',#2563,1.) ;
#2578=VECTOR('Line Direction',#2577,1.) ;
#2602=VECTOR('Line Direction',#2601,1.) ;
#2609=VECTOR('Line Direction',#2608,1.) ;
#2622=VECTOR('Line Direction',#2621,1.) ;
#2665=VECTOR('Line Direction',#2664,1.) ;
#2672=VECTOR('Line Direction',#2671,1.) ;
#2691=VECTOR('Line Direction',#2690,1.) ;
#2698=VECTOR('Line Direction',#2697,1.) ;
#2715=VECTOR('Line Direction',#2714,1.) ;
#2734=VECTOR('Line Direction',#2733,1.) ;
#2739=VECTOR('Line Direction',#2738,1.) ;
#2753=VECTOR('Line Direction',#2752,1.) ;
#2758=VECTOR('Line Direction',#2757,1.) ;
#2772=VECTOR('Line Direction',#2771,1.) ;
#2832=VECTOR('Line Direction',#2831,1.) ;
#2856=VECTOR('Line Direction',#2855,1.) ;
#2886=VECTOR('Line Direction',#2885,1.) ;
#2891=VECTOR('Line Direction',#2890,1.) ;
#2920=VECTOR('Line Direction',#2919,1.) ;
#2934=VECTOR('Line Direction',#2933,1.) ;
#2977=VECTOR('Line Direction',#2976,1.) ;
#2982=VECTOR('Line Direction',#2981,1.) ;
#3011=VECTOR('Line Direction',#3010,1.) ;
#3054=VECTOR('Line Direction',#3053,1.) ;
#3059=VECTOR('Line Direction',#3058,1.) ;
#3097=VECTOR('Line Direction',#3096,1.) ;
#3102=VECTOR('Line Direction',#3101,1.) ;
#3154=VECTOR('Line Direction',#3153,1.) ;
#3159=VECTOR('Line Direction',#3158,1.) ;
#3197=VECTOR('Line Direction',#3196,1.) ;
#3202=VECTOR('Line Direction',#3201,1.) ;
#3231=VECTOR('Line Direction',#3230,1.) ;
#3245=VECTOR('Line Direction',#3244,1.) ;
#3288=VECTOR('Line Direction',#3287,1.) ;
#3293=VECTOR('Line Direction',#3292,1.) ;
#3354=VECTOR('Line Direction',#3353,1.) ;
#3359=VECTOR('Line Direction',#3358,1.) ;
#3397=VECTOR('Line Direction',#3396,1.) ;
#3402=VECTOR('Line Direction',#3401,1.) ;
#3459=VECTOR('Line Direction',#3458,1.) ;
#3464=VECTOR('Line Direction',#3463,1.) ;
#3502=VECTOR('Line Direction',#3501,1.) ;
#3507=VECTOR('Line Direction',#3506,1.) ;
#3536=VECTOR('Line Direction',#3535,1.) ;
#3550=VECTOR('Line Direction',#3549,1.) ;
#3593=VECTOR('Line Direction',#3592,1.) ;
#3598=VECTOR('Line Direction',#3597,1.) ;
#3627=VECTOR('Line Direction',#3626,1.) ;
#3641=VECTOR('Line Direction',#3640,1.) ;
#3684=VECTOR('Line Direction',#3683,1.) ;
#3689=VECTOR('Line Direction',#3688,1.) ;
#3718=VECTOR('Line Direction',#3717,1.) ;
#3732=VECTOR('Line Direction',#3731,1.) ;
#3775=VECTOR('Line Direction',#3774,1.) ;
#3780=VECTOR('Line Direction',#3779,1.) ;
#3854=VECTOR('Line Direction',#3853,1.) ;
#3859=VECTOR('Line Direction',#3858,1.) ;
#3897=VECTOR('Line Direction',#3896,1.) ;
#3902=VECTOR('Line Direction',#3901,1.) ;
#3931=VECTOR('Line Direction',#3930,1.) ;
#3945=VECTOR('Line Direction',#3944,1.) ;
#3988=VECTOR('Line Direction',#3987,1.) ;
#3993=VECTOR('Line Direction',#3992,1.) ;
#4022=VECTOR('Line Direction',#4021,1.) ;
#4036=VECTOR('Line Direction',#4035,1.) ;
#4079=VECTOR('Line Direction',#4078,1.) ;
#4084=VECTOR('Line Direction',#4083,1.) ;
#4113=VECTOR('Line Direction',#4112,1.) ;
#4127=VECTOR('Line Direction',#4126,1.) ;
#4170=VECTOR('Line Direction',#4169,1.) ;
#4175=VECTOR('Line Direction',#4174,1.) ;
#4249=VECTOR('Line Direction',#4248,1.) ;
#4254=VECTOR('Line Direction',#4253,1.) ;
#4287=VECTOR('Line Direction',#4286,1.) ;
#4292=VECTOR('Line Direction',#4291,1.) ;
#4321=VECTOR('Line Direction',#4320,1.) ;
#4328=VECTOR('Line Direction',#4327,1.) ;
#4373=VECTOR('Line Direction',#4372,1.) ;
#4378=VECTOR('Line Direction',#4377,1.) ;
#4407=VECTOR('Line Direction',#4406,1.) ;
#4450=VECTOR('Line Direction',#4449,1.) ;
#4455=VECTOR('Line Direction',#4454,1.) ;
#4511=VECTOR('Line Direction',#4510,1.) ;
#4516=VECTOR('Line Direction',#4515,1.) ;
#4545=VECTOR('Line Direction',#4544,1.) ;
#4550=VECTOR('Line Direction',#4549,1.) ;
#4583=VECTOR('Line Direction',#4582,1.) ;
#4588=VECTOR('Line Direction',#4587,1.) ;
#4617=VECTOR('Line Direction',#4616,1.) ;
#4624=VECTOR('Line Direction',#4623,1.) ;
#4669=VECTOR('Line Direction',#4668,1.) ;
#4674=VECTOR('Line Direction',#4673,1.) ;
#4735=VECTOR('Line Direction',#4734,1.) ;
#4740=VECTOR('Line Direction',#4739,1.) ;
#4778=VECTOR('Line Direction',#4777,1.) ;
#4783=VECTOR('Line Direction',#4782,1.) ;
#4840=VECTOR('Line Direction',#4839,1.) ;
#4845=VECTOR('Line Direction',#4844,1.) ;
#4868=ADVANCED_BREP_SHAPE_REPRESENTATION('NONE',(#4867),#46) ;
#49=SHAPE_REPRESENTATION(' ',(#48),#46) ;
#141=ADVANCED_FACE('PartBody',(#140),#56,.T.) ;
#187=ADVANCED_FACE('PartBody',(#186),#146,.T.) ;
#219=ADVANCED_FACE('PartBody',(#218),#192,.T.) ;
#259=ADVANCED_FACE('PartBody',(#258),#224,.T.) ;
#368=ADVANCED_FACE('PartBody',(#331,#349,#367),#224,.F.) ;
#549=ADVANCED_FACE('PartBody',(#506,#548),#192,.T.) ;
#582=ADVANCED_FACE('PartBody',(#581),#554,.F.) ;
#811=ADVANCED_FACE('PartBody',(#694,#736,#810),#192,.T.) ;
#959=ADVANCED_FACE('PartBody',(#882,#886,#904,#922,#940,#958),#816,.T.) ;
#991=ADVANCED_FACE('PartBody',(#990),#964,.T.) ;
#1010=ADVANCED_FACE('PartBody',(#1009),#56,.T.) ;
#1041=ADVANCED_FACE('PartBody',(#1040),#1015,.T.) ;
#1065=ADVANCED_FACE('PartBody',(#1064),#1046,.T.) ;
#1091=ADVANCED_FACE('PartBody',(#1090),#146,.T.) ;
#1158=ADVANCED_FACE('PartBody',(#1157),#56,.T.) ;
#1189=ADVANCED_FACE('PartBody',(#1188),#1163,.T.) ;
#1201=ADVANCED_FACE('PartBody',(#1200),#1163,.T.) ;
#1232=ADVANCED_FACE('PartBody',(#1231),#1206,.T.) ;
#1256=ADVANCED_FACE('PartBody',(#1255),#1237,.T.) ;
#1280=ADVANCED_FACE('PartBody',(#1279),#1261,.F.) ;
#1311=ADVANCED_FACE('PartBody',(#1310),#1285,.T.) ;
#1351=ADVANCED_FACE('PartBody',(#1350),#1316,.T.) ;
#1382=ADVANCED_FACE('PartBody',(#1381),#1356,.F.) ;
#1413=ADVANCED_FACE('PartBody',(#1412),#1387,.T.) ;
#1661=ADVANCED_FACE('PartBody',(#1468,#1507,#1543,#1582,#1618,#1660),#1418,.F.) ;
#1703=ADVANCED_FACE('PartBody',(#1684,#1702),#1666,.T.) ;
#1734=ADVANCED_FACE('PartBody',(#1733),#1708,.T.) ;
#1746=ADVANCED_FACE('PartBody',(#1745),#1708,.T.) ;
#1786=ADVANCED_FACE('PartBody',(#1785),#1751,.T.) ;
#1803=ADVANCED_FACE('PartBody',(#1802),#1751,.T.) ;
#1831=ADVANCED_FACE('PartBody',(#1826,#1830),#1808,.T.) ;
#1859=ADVANCED_FACE('PartBody',(#1854,#1858),#1836,.T.) ;
#1884=ADVANCED_FACE('PartBody',(#1883),#1418,.F.) ;
#1903=ADVANCED_FACE('PartBody',(#1893,#1902),#1889,.T.) ;
#2110=ADVANCED_FACE('PartBody',(#1917,#1956,#1992,#2031,#2067,#2109),#1418,.F.) ;
#2117=ADVANCED_FACE('PartBody',(#2116),#1418,.F.) ;
#2148=ADVANCED_FACE('PartBody',(#2147),#2122,.F.) ;
#2160=ADVANCED_FACE('PartBody',(#2159),#2122,.F.) ;
#2193=ADVANCED_FACE('PartBody',(#2192),#224,.T.) ;
#2224=ADVANCED_FACE('PartBody',(#2223),#2198,.F.) ;
#2236=ADVANCED_FACE('PartBody',(#2235),#2198,.F.) ;
#2262=ADVANCED_FACE('PartBody',(#2261),#1356,.F.) ;
#2286=ADVANCED_FACE('PartBody',(#2285),#2267,.T.) ;
#2310=ADVANCED_FACE('PartBody',(#2309),#2291,.F.) ;
#2334=ADVANCED_FACE('PartBody',(#2333),#2315,.T.) ;
#2358=ADVANCED_FACE('PartBody',(#2357),#2339,.F.) ;
#2382=ADVANCED_FACE('PartBody',(#2381),#2363,.T.) ;
#2406=ADVANCED_FACE('PartBody',(#2405),#2387,.F.) ;
#2418=ADVANCED_FACE('PartBody',(#2417),#1316,.T.) ;
#2430=ADVANCED_FACE('PartBody',(#2429),#1015,.T.) ;
#2449=ADVANCED_FACE('PartBody',(#2448),#964,.T.) ;
#2461=ADVANCED_FACE('PartBody',(#2460),#56,.T.) ;
#2499=ADVANCED_FACE('PartBody',(#2498),#2466,.F.) ;
#2518=ADVANCED_FACE('PartBody',(#2517),#554,.F.) ;
#2537=ADVANCED_FACE('PartBody',(#2536),#1046,.T.) ;
#2561=ADVANCED_FACE('PartBody',(#2560),#2542,.F.) ;
#2587=ADVANCED_FACE('PartBody',(#2586),#1163,.T.) ;
#2599=ADVANCED_FACE('PartBody',(#2598),#1163,.T.) ;
#2619=ADVANCED_FACE('PartBody',(#2618),#1206,.T.) ;
#2638=ADVANCED_FACE('PartBody',(#2637),#1237,.T.) ;
#2650=ADVANCED_FACE('PartBody',(#2649),#1261,.F.) ;
#2662=ADVANCED_FACE('PartBody',(#2661),#1285,.T.) ;
#2688=ADVANCED_FACE('PartBody',(#2687),#2363,.T.) ;
#2707=ADVANCED_FACE('PartBody',(#2706),#2339,.F.) ;
#2731=ADVANCED_FACE('PartBody',(#2730),#2712,.T.) ;
#2750=ADVANCED_FACE('PartBody',(#2749),#2291,.F.) ;
#2769=ADVANCED_FACE('PartBody',(#2768),#2387,.F.) ;
#2822=ADVANCED_FACE('PartBody',(#2785,#2803,#2821),#224,.F.) ;
#2841=ADVANCED_FACE('PartBody',(#2840),#2542,.F.) ;
#2869=ADVANCED_FACE('PartBody',(#2868),#2466,.F.) ;
#2900=ADVANCED_FACE('PartBody',(#2899),#2874,.F.) ;
#2912=ADVANCED_FACE('PartBody',(#2911),#2874,.F.) ;
#2943=ADVANCED_FACE('PartBody',(#2942),#2917,.F.) ;
#2960=ADVANCED_FACE('PartBody',(#2959),#2948,.F.) ;
#2991=ADVANCED_FACE('PartBody',(#2990),#2965,.F.) ;
#3003=ADVANCED_FACE('PartBody',(#3002),#2965,.F.) ;
#3046=ADVANCED_FACE('PartBody',(#3023,#3041,#3045),#3008,.T.) ;
#3068=ADVANCED_FACE('PartBody',(#3067),#3051,.F.) ;
#3080=ADVANCED_FACE('PartBody',(#3079),#3073,.F.) ;
#3111=ADVANCED_FACE('PartBody',(#3110),#3085,.F.) ;
#3123=ADVANCED_FACE('PartBody',(#3122),#3085,.F.) ;
#3146=ADVANCED_FACE('PartBody',(#3127,#3145),#3008,.T.) ;
#3168=ADVANCED_FACE('PartBody',(#3167),#3151,.F.) ;
#3180=ADVANCED_FACE('PartBody',(#3179),#3173,.F.) ;
#3211=ADVANCED_FACE('PartBody',(#3210),#3185,.F.) ;
#3223=ADVANCED_FACE('PartBody',(#3222),#3185,.F.) ;
#3254=ADVANCED_FACE('PartBody',(#3253),#3228,.F.) ;
#3271=ADVANCED_FACE('PartBody',(#3270),#3259,.F.) ;
#3302=ADVANCED_FACE('PartBody',(#3301),#3276,.F.) ;
#3314=ADVANCED_FACE('PartBody',(#3313),#3276,.F.) ;
#3346=ADVANCED_FACE('PartBody',(#3323,#3341,#3345),#3008,.T.) ;
#3368=ADVANCED_FACE('PartBody',(#3367),#3351,.F.) ;
#3380=ADVANCED_FACE('PartBody',(#3379),#3373,.F.) ;
#3412=ADVANCED_FACE('PartBody',(#3411),#3385,.F.) ;
#3438=ADVANCED_FACE('PartBody',(#3419,#3437),#1015,.T.) ;
#3451=ADVANCED_FACE('PartBody',(#3450),#3385,.F.) ;
#3473=ADVANCED_FACE('PartBody',(#3472),#3456,.F.) ;
#3485=ADVANCED_FACE('PartBody',(#3484),#3478,.F.) ;
#3516=ADVANCED_FACE('PartBody',(#3515),#3490,.F.) ;
#3528=ADVANCED_FACE('PartBody',(#3527),#3490,.F.) ;
#3559=ADVANCED_FACE('PartBody',(#3558),#3533,.F.) ;
#3576=ADVANCED_FACE('PartBody',(#3575),#3564,.F.) ;
#3607=ADVANCED_FACE('PartBody',(#3606),#3581,.F.) ;
#3619=ADVANCED_FACE('PartBody',(#3618),#3581,.F.) ;
#3650=ADVANCED_FACE('PartBody',(#3649),#3624,.F.) ;
#3667=ADVANCED_FACE('PartBody',(#3666),#3655,.F.) ;
#3698=ADVANCED_FACE('PartBody',(#3697),#3672,.F.) ;
#3710=ADVANCED_FACE('PartBody',(#3709),#3672,.F.) ;
#3741=ADVANCED_FACE('PartBody',(#3740),#3715,.F.) ;
#3758=ADVANCED_FACE('PartBody',(#3757),#3746,.F.) ;
#3789=ADVANCED_FACE('PartBody',(#3788),#3763,.F.) ;
#3801=ADVANCED_FACE('PartBody',(#3800),#3763,.F.) ;
#3846=ADVANCED_FACE('PartBody',(#3811,#3829,#3833,#3837,#3841,#3845),#1889,.T.) ;
#3868=ADVANCED_FACE('PartBody',(#3867),#3851,.F.) ;
#3880=ADVANCED_FACE('PartBody',(#3879),#3873,.F.) ;
#3911=ADVANCED_FACE('PartBody',(#3910),#3885,.F.) ;
#3923=ADVANCED_FACE('PartBody',(#3922),#3885,.F.) ;
#3954=ADVANCED_FACE('PartBody',(#3953),#3928,.F.) ;
#3971=ADVANCED_FACE('PartBody',(#3970),#3959,.F.) ;
#4002=ADVANCED_FACE('PartBody',(#4001),#3976,.F.) ;
#4014=ADVANCED_FACE('PartBody',(#4013),#3976,.F.) ;
#4045=ADVANCED_FACE('PartBody',(#4044),#4019,.F.) ;
#4062=ADVANCED_FACE('PartBody',(#4061),#4050,.F.) ;
#4093=ADVANCED_FACE('PartBody',(#4092),#4067,.F.) ;
#4105=ADVANCED_FACE('PartBody',(#4104),#4067,.F.) ;
#4136=ADVANCED_FACE('PartBody',(#4135),#4110,.F.) ;
#4153=ADVANCED_FACE('PartBody',(#4152),#4141,.F.) ;
#4184=ADVANCED_FACE('PartBody',(#4183),#4158,.F.) ;
#4196=ADVANCED_FACE('PartBody',(#4195),#4158,.F.) ;
#4241=ADVANCED_FACE('PartBody',(#4206,#4224,#4228,#4232,#4236,#4240),#1666,.T.) ;
#4263=ADVANCED_FACE('PartBody',(#4262),#4246,.F.) ;
#4275=ADVANCED_FACE('PartBody',(#4274),#4268,.F.) ;
#4301=ADVANCED_FACE('PartBody',(#4300),#2965,.F.) ;
#4313=ADVANCED_FACE('PartBody',(#4312),#2965,.F.) ;
#4344=ADVANCED_FACE('PartBody',(#4343),#4318,.F.) ;
#4361=ADVANCED_FACE('PartBody',(#4360),#4349,.F.) ;
#4387=ADVANCED_FACE('PartBody',(#4386),#2874,.F.) ;
#4399=ADVANCED_FACE('PartBody',(#4398),#2874,.F.) ;
#4442=ADVANCED_FACE('PartBody',(#4419,#4437,#4441),#4404,.F.) ;
#4464=ADVANCED_FACE('PartBody',(#4463),#4447,.F.) ;
#4476=ADVANCED_FACE('PartBody',(#4475),#4469,.F.) ;
#4499=ADVANCED_FACE('PartBody',(#4480,#4498),#4404,.F.) ;
#4525=ADVANCED_FACE('PartBody',(#4524),#3085,.F.) ;
#4537=ADVANCED_FACE('PartBody',(#4536),#3085,.F.) ;
#4559=ADVANCED_FACE('PartBody',(#4558),#4542,.F.) ;
#4571=ADVANCED_FACE('PartBody',(#4570),#4564,.F.) ;
#4597=ADVANCED_FACE('PartBody',(#4596),#3276,.F.) ;
#4609=ADVANCED_FACE('PartBody',(#4608),#3276,.F.) ;
#4640=ADVANCED_FACE('PartBody',(#4639),#4614,.F.) ;
#4657=ADVANCED_FACE('PartBody',(#4656),#4645,.F.) ;
#4683=ADVANCED_FACE('PartBody',(#4682),#3185,.F.) ;
#4695=ADVANCED_FACE('PartBody',(#4694),#3185,.F.) ;
#4727=ADVANCED_FACE('PartBody',(#4704,#4722,#4726),#4404,.F.) ;
#4749=ADVANCED_FACE('PartBody',(#4748),#4732,.F.) ;
#4761=ADVANCED_FACE('PartBody',(#4760),#4754,.F.) ;
#4793=ADVANCED_FACE('PartBody',(#4792),#4766,.F.) ;
#4806=ADVANCED_FACE('PartBody',(#4805),#4766,.F.) ;
#4832=ADVANCED_FACE('PartBody',(#4813,#4831),#1015,.T.) ;
#4854=ADVANCED_FACE('PartBody',(#4853),#4837,.F.) ;
#4866=ADVANCED_FACE('PartBody',(#4865),#4859,.F.) ;
#4=APPLICATION_PROTOCOL_DEFINITION('international standard','config_control_design',1994,#1) ;
#32=APPROVAL_DATE_TIME(#13,#21) ;
#80=B_SPLINE_CURVE_WITH_KNOTS('',4,(#81,#82,#83,#84,#85),.UNSPECIFIED.,.F.,.U.,(5,5),(0.,14.5873997214),.UNSPECIFIED.) ;
#96=B_SPLINE_CURVE_WITH_KNOTS('',5,(#97,#98,#99,#100,#101,#102,#103,#104,#105,#106,#107,#108,#109,#110,#111),.UNSPECIFIED.,.F.,.U.,(6,3,3,3,6),(0.,0.295993962963,1.13789163161,2.80165734091,5.17575851116),.UNSPECIFIED.) ;
#115=B_SPLINE_CURVE_WITH_KNOTS('',5,(#116,#117,#118,#119,#120,#121,#122,#123,#124,#125,#126,#127,#128,#129,#130),.UNSPECIFIED.,.F.,.U.,(6,3,3,3,6),(0.,0.295993962964,1.13789163134,2.80165734062,5.17575851088),.UNSPECIFIED.) ;
#161=B_SPLINE_CURVE_WITH_KNOTS('',5,(#162,#163,#164,#165,#166,#167,#168,#169,#170),.UNSPECIFIED.,.F.,.U.,(6,3,6),(0.,2.47268290447,4.69517187522),.UNSPECIFIED.) ;
#174=B_SPLINE_CURVE_WITH_KNOTS('',3,(#175,#176,#177,#178),.UNSPECIFIED.,.F.,.U.,(4,4),(0.,0.203504761488),.UNSPECIFIED.) ;
#390=B_SPLINE_CURVE_WITH_KNOTS('',3,(#391,#392,#393,#394),.UNSPECIFIED.,.F.,.U.,(4,4),(0.,0.203504761488),.UNSPECIFIED.) ;
#398=B_SPLINE_CURVE_WITH_KNOTS('',4,(#399,#400,#401,#402,#403),.UNSPECIFIED.,.F.,.U.,(5,5),(0.,14.5873997208),.UNSPECIFIED.) ;
#407=B_SPLINE_CURVE_WITH_KNOTS('',4,(#408,#409,#410,#411,#412),.UNSPECIFIED.,.F.,.U.,(5,5),(0.,11.4304880634),.UNSPECIFIED.) ;
#423=B_SPLINE_CURVE_WITH_KNOTS('',5,(#424,#425,#426,#427,#428,#429),.UNSPECIFIED.,.F.,.U.,(6,6),(0.,17.8972926973),.UNSPECIFIED.) ;
#433=B_SPLINE_CURVE_WITH_KNOTS('',4,(#434,#435,#436,#437,#438),.UNSPECIFIED.,.F.,.U.,(5,5),(0.,4.28404135031),.UNSPECIFIED.) ;
#442=B_SPLINE_CURVE_WITH_KNOTS('',3,(#443,#444,#445,#446),.UNSPECIFIED.,.F.,.U.,(4,4),(0.,5.14241111035),.UNSPECIFIED.) ;
#457=B_SPLINE_CURVE_WITH_KNOTS('',3,(#458,#459,#460,#461),.UNSPECIFIED.,.F.,.U.,(4,4),(0.,5.14241111034),.UNSPECIFIED.) ;
#465=B_SPLINE_CURVE_WITH_KNOTS('',4,(#466,#467,#468,#469,#470),.UNSPECIFIED.,.F.,.U.,(5,5),(0.,4.28404135074),.UNSPECIFIED.) ;
#474=B_SPLINE_CURVE_WITH_KNOTS('',5,(#475,#476,#477,#478,#479,#480),.UNSPECIFIED.,.F.,.U.,(6,6),(0.,17.897292698),.UNSPECIFIED.) ;
#507=B_SPLINE_CURVE_WITH_KNOTS('',5,(#508,#509,#510,#511,#512,#513,#514,#515,#516,#517,#518,#519,#520,#521,#522),.UNSPECIFIED.,.F.,.U.,(6,3,3,3,6),(0.,12.7998003486,22.5643857655,30.8343996195,42.5514548341),.UNSPECIFIED.) ;
#528=B_SPLINE_CURVE_WITH_KNOTS('',5,(#529,#530,#531,#532,#533,#534,#535,#536,#537,#538,#539,#540,#541,#542,#543),.UNSPECIFIED.,.F.,.U.,(6,3,3,3,6),(0.,12.79980035,22.5643857669,30.8343996212,42.5514548356),.UNSPECIFIED.) ;
#555=B_SPLINE_CURVE_WITH_KNOTS('',5,(#556,#557,#558,#559,#560,#561),.UNSPECIFIED.,.F.,.U.,(6,6),(0.,0.129373361104),.UNSPECIFIED.) ;
#590=B_SPLINE_CURVE_WITH_KNOTS('',3,(#591,#592,#593,#594),.UNSPECIFIED.,.F.,.U.,(4,4),(0.,0.129373361104),.UNSPECIFIED.) ;
#598=B_SPLINE_CURVE_WITH_KNOTS('',5,(#599,#600,#601,#602,#603,#604,#605,#606,#607),.UNSPECIFIED.,.F.,.U.,(6,3,6),(0.,2.47268290397,4.69517187488),.UNSPECIFIED.) ;
#621=B_SPLINE_CURVE_WITH_KNOTS('',5,(#622,#623,#624,#625,#626,#627),.UNSPECIFIED.,.F.,.U.,(6,6),(0.,17.8972926974),.UNSPECIFIED.) ;
#631=B_SPLINE_CURVE_WITH_KNOTS('',4,(#632,#633,#634,#635,#636),.UNSPECIFIED.,.F.,.U.,(5,5),(0.,4.28404135005),.UNSPECIFIED.) ;
#640=B_SPLINE_CURVE_WITH_KNOTS('',3,(#641,#642,#643,#644),.UNSPECIFIED.,.F.,.U.,(4,4),(0.,5.27178435999),.UNSPECIFIED.) ;
#648=B_SPLINE_CURVE_WITH_KNOTS('',5,(#649,#650,#651,#652,#653,#654,#655,#656,#657),.UNSPECIFIED.,.F.,.U.,(6,3,6),(0.,2.47268290525,4.89854180991),.UNSPECIFIED.) ;
#661=B_SPLINE_CURVE_WITH_KNOTS('',4,(#662,#663,#664,#665,#666),.UNSPECIFIED.,.F.,.U.,(5,5),(0.,14.5873997222),.UNSPECIFIED.) ;
#695=B_SPLINE_CURVE_WITH_KNOTS('',5,(#696,#697,#698,#699,#700,#701,#702,#703,#704,#705,#706,#707,#708,#709,#710),.UNSPECIFIED.,.F.,.U.,(6,3,3,3,6),(0.,12.7998003501,22.5643857671,30.834399621,42.551454834),.UNSPECIFIED.) ;
#716=B_SPLINE_CURVE_WITH_KNOTS('',5,(#717,#718,#719,#720,#721,#722,#723,#724,#725,#726,#727,#728,#729,#730,#731),.UNSPECIFIED.,.F.,.U.,(6,3,3,3,6),(0.,12.7998003495,22.5643857662,30.8343996203,42.5514548349),.UNSPECIFIED.) ;
#737=B_SPLINE_CURVE_WITH_KNOTS('',4,(#738,#739,#740,#741,#742),.UNSPECIFIED.,.F.,.U.,(5,5),(0.,14.5873997214),.UNSPECIFIED.) ;
#748=B_SPLINE_CURVE_WITH_KNOTS('',5,(#749,#750,#751,#752,#753,#754,#755,#756,#757),.UNSPECIFIED.,.F.,.U.,(6,3,6),(0.,2.47268290407,4.89854180856),.UNSPECIFIED.) ;
#761=B_SPLINE_CURVE_WITH_KNOTS('',3,(#762,#763,#764,#765),.UNSPECIFIED.,.F.,.U.,(4,4),(0.,5.27178435999),.UNSPECIFIED.) ;
#769=B_SPLINE_CURVE_WITH_KNOTS('',4,(#770,#771,#772,#773,#774),.UNSPECIFIED.,.F.,.U.,(5,5),(0.,4.28404135008),.UNSPECIFIED.) ;
#778=B_SPLINE_CURVE_WITH_KNOTS('',5,(#779,#780,#781,#782,#783,#784),.UNSPECIFIED.,.F.,.U.,(6,6),(0.,17.8972926968),.UNSPECIFIED.) ;
#795=B_SPLINE_CURVE_WITH_KNOTS('',4,(#796,#797,#798,#799,#800),.UNSPECIFIED.,.F.,.U.,(5,5),(0.,11.4304880627),.UNSPECIFIED.) ;
#1113=B_SPLINE_CURVE_WITH_KNOTS('',5,(#1114,#1115,#1116,#1117,#1118,#1119,#1120,#1121,#1122,#1123,#1124,#1125,#1126,#1127,#1128),.UNSPECIFIED.,.F.,.U.,(6,3,3,3,6),(0.,0.295993962997,1.13789163138,2.80165734066,5.17575851084),.UNSPECIFIED.) ;
#1132=B_SPLINE_CURVE_WITH_KNOTS('',5,(#1133,#1134,#1135,#1136,#1137,#1138,#1139,#1140,#1141,#1142,#1143,#1144,#1145,#1146,#1147),.UNSPECIFIED.,.F.,.U.,(6,3,3,3,6),(0.,0.295993962964,1.13789163136,2.80165734065,5.17575851088),.UNSPECIFIED.) ;
#1469=B_SPLINE_CURVE_WITH_KNOTS('',5,(#1470,#1471,#1472,#1473,#1474,#1475,#1476,#1477,#1478,#1479,#1480,#1481,#1482,#1483,#1484),.UNSPECIFIED.,.F.,.U.,(6,3,3,3,6),(0.,1.9257045627,4.72136063504,7.1732967699,9.27768817927),.UNSPECIFIED.) ;
#1490=B_SPLINE_CURVE_WITH_KNOTS('',5,(#1491,#1492,#1493,#1494,#1495,#1496,#1497,#1498,#1499,#1500,#1501,#1502),.UNSPECIFIED.,.F.,.U.,(6,3,3,6),(0.,3.76305838165,5.58616041869,9.11340337144),.UNSPECIFIED.) ;
#1508=B_SPLINE_CURVE_WITH_KNOTS('',5,(#1509,#1510,#1511,#1512,#1513,#1514,#1515,#1516,#1517,#1518,#1519,#1520),.UNSPECIFIED.,.F.,.U.,(6,3,3,6),(0.,3.62114305983,5.4374536362,8.89110031014),.UNSPECIFIED.) ;
#1526=B_SPLINE_CURVE_WITH_KNOTS('',5,(#1527,#1528,#1529,#1530,#1531,#1532,#1533,#1534,#1535,#1536,#1537,#1538),.UNSPECIFIED.,.F.,.U.,(6,3,3,6),(0.,3.62114305894,5.43745363597,8.89110031045),.UNSPECIFIED.) ;
#1544=B_SPLINE_CURVE_WITH_KNOTS('',5,(#1545,#1546,#1547,#1548,#1549,#1550,#1551,#1552,#1553,#1554,#1555,#1556,#1557,#1558,#1559),.UNSPECIFIED.,.F.,.U.,(6,3,3,3,6),(0.,1.92570456273,4.72136063521,7.17329677057,9.2776881802),.UNSPECIFIED.) ;
#1565=B_SPLINE_CURVE_WITH_KNOTS('',5,(#1566,#1567,#1568,#1569,#1570,#1571,#1572,#1573,#1574,#1575,#1576,#1577),.UNSPECIFIED.,.F.,.U.,(6,3,3,6),(0.,3.76305838158,5.5861604182,9.11340337089),.UNSPECIFIED.) ;
#1583=B_SPLINE_CURVE_WITH_KNOTS('',5,(#1584,#1585,#1586,#1587,#1588,#1589,#1590,#1591,#1592,#1593,#1594,#1595),.UNSPECIFIED.,.F.,.U.,(6,3,3,6),(0.,3.62114305963,5.437453636,8.89110031045),.UNSPECIFIED.) ;
#1601=B_SPLINE_CURVE_WITH_KNOTS('',5,(#1602,#1603,#1604,#1605,#1606,#1607,#1608,#1609,#1610,#1611,#1612,#1613),.UNSPECIFIED.,.F.,.U.,(6,3,3,6),(0.,3.62114305927,5.4374536363,8.89110031008),.UNSPECIFIED.) ;
#1619=B_SPLINE_CURVE_WITH_KNOTS('',5,(#1620,#1621,#1622,#1623,#1624,#1625,#1626,#1627,#1628,#1629,#1630,#1631,#1632,#1633,#1634),.UNSPECIFIED.,.F.,.U.,(6,3,3,3,6),(0.,5.56702027559,8.352034207,13.4091796234,17.8163004949),.UNSPECIFIED.) ;
#1640=B_SPLINE_CURVE_WITH_KNOTS('',5,(#1641,#1642,#1643,#1644,#1645,#1646,#1647,#1648,#1649,#1650,#1651,#1652,#1653,#1654,#1655),.UNSPECIFIED.,.F.,.U.,(6,3,3,3,6),(0.,5.56702027608,8.3520342075,13.4091796239,17.8163004955),.UNSPECIFIED.) ;
#1918=B_SPLINE_CURVE_WITH_KNOTS('',5,(#1919,#1920,#1921,#1922,#1923,#1924,#1925,#1926,#1927,#1928,#1929,#1930),.UNSPECIFIED.,.F.,.U.,(6,3,3,6),(0.,3.76305838165,5.58616041835,9.11340337143),.UNSPECIFIED.) ;
#1936=B_SPLINE_CURVE_WITH_KNOTS('',5,(#1937,#1938,#1939,#1940,#1941,#1942,#1943,#1944,#1945,#1946,#1947,#1948,#1949,#1950,#1951),.UNSPECIFIED.,.F.,.U.,(6,3,3,3,6),(0.,1.92570456272,4.72136063533,7.17329677033,9.27768817982),.UNSPECIFIED.) ;
#1957=B_SPLINE_CURVE_WITH_KNOTS('',5,(#1958,#1959,#1960,#1961,#1962,#1963,#1964,#1965,#1966,#1967,#1968,#1969),.UNSPECIFIED.,.F.,.U.,(6,3,3,6),(0.,3.62114305931,5.43745363585,8.89110031021),.UNSPECIFIED.) ;
#1975=B_SPLINE_CURVE_WITH_KNOTS('',5,(#1976,#1977,#1978,#1979,#1980,#1981,#1982,#1983,#1984,#1985,#1986,#1987),.UNSPECIFIED.,.F.,.U.,(6,3,3,6),(0.,3.62114305939,5.43745363601,8.89110031044),.UNSPECIFIED.) ;
#1993=B_SPLINE_CURVE_WITH_KNOTS('',5,(#1994,#1995,#1996,#1997,#1998,#1999,#2000,#2001,#2002,#2003,#2004,#2005),.UNSPECIFIED.,.F.,.U.,(6,3,3,6),(0.,3.76305838157,5.58616041845,9.11340337147),.UNSPECIFIED.) ;
#2011=B_SPLINE_CURVE_WITH_KNOTS('',5,(#2012,#2013,#2014,#2015,#2016,#2017,#2018,#2019,#2020,#2021,#2022,#2023,#2024,#2025,#2026),.UNSPECIFIED.,.F.,.U.,(6,3,3,3,6),(0.,1.9257045627,4.72136063524,7.17329677032,9.27768817985),.UNSPECIFIED.) ;
#2032=B_SPLINE_CURVE_WITH_KNOTS('',5,(#2033,#2034,#2035,#2036,#2037,#2038,#2039,#2040,#2041,#2042,#2043,#2044),.UNSPECIFIED.,.F.,.U.,(6,3,3,6),(0.,3.62114305942,5.4374536358,8.89110031011),.UNSPECIFIED.) ;
#2050=B_SPLINE_CURVE_WITH_KNOTS('',5,(#2051,#2052,#2053,#2054,#2055,#2056,#2057,#2058,#2059,#2060,#2061,#2062),.UNSPECIFIED.,.F.,.U.,(6,3,3,6),(0.,3.62114305945,5.43745363591,8.89110031018),.UNSPECIFIED.) ;
#2068=B_SPLINE_CURVE_WITH_KNOTS('',5,(#2069,#2070,#2071,#2072,#2073,#2074,#2075,#2076,#2077,#2078,#2079,#2080,#2081,#2082,#2083),.UNSPECIFIED.,.F.,.U.,(6,3,3,3,6),(0.,5.5670202758,8.35203420704,13.4091796238,17.8163004953),.UNSPECIFIED.) ;
#2089=B_SPLINE_CURVE_WITH_KNOTS('',5,(#2090,#2091,#2092,#2093,#2094,#2095,#2096,#2097,#2098,#2099,#2100,#2101,#2102,#2103,#2104),.UNSPECIFIED.,.F.,.U.,(6,3,3,3,6),(0.,5.56702027583,8.3520342071,13.4091796237,17.8163004952),.UNSPECIFIED.) ;
#4867=MANIFOLD_SOLID_BREP('PartBody',#51) ;
#11=CALENDAR_DATE(2025,2,7) ;
#30=CC_DESIGN_APPROVAL(#21,(#16,#6,#14)) ;
#18=CC_DESIGN_DATE_AND_TIME_ASSIGNMENT(#13,#17,(#16)) ;
#29=CC_DESIGN_DATE_AND_TIME_ASSIGNMENT(#13,#28,(#14)) ;
#17=DATE_TIME_ROLE('classification_date') ;
#28=DATE_TIME_ROLE('creation_date') ;
#27=CC_DESIGN_PERSON_AND_ORGANIZATION_ASSIGNMENT(#25,#26,(#16)) ;
#33=CC_DESIGN_PERSON_AND_ORGANIZATION_ASSIGNMENT(#25,#34,(#6)) ;
#35=CC_DESIGN_PERSON_AND_ORGANIZATION_ASSIGNMENT(#25,#36,(#6,#14)) ;
#37=CC_DESIGN_PERSON_AND_ORGANIZATION_ASSIGNMENT(#25,#38,(#5)) ;
#26=PERSON_AND_ORGANIZATION_ROLE('classification_officer') ;
#34=PERSON_AND_ORGANIZATION_ROLE('design_supplier') ;
#36=PERSON_AND_ORGANIZATION_ROLE('creator') ;
#38=PERSON_AND_ORGANIZATION_ROLE('design_owner') ;
#39=CC_DESIGN_SECURITY_CLASSIFICATION(#16,(#6)) ;
#69=CIRCLE('generated circle',#68,20.5) ;
#150=CIRCLE('generated circle',#149,2.) ;
#203=CIRCLE('generated circle',#202,27.) ;
#263=CIRCLE('generated circle',#262,27.) ;
#272=CIRCLE('generated circle',#271,27.) ;
#291=CIRCLE('generated circle',#290,5.) ;
#305=CIRCLE('generated circle',#304,5.) ;
#335=CIRCLE('generated circle',#334,2.5) ;
#344=CIRCLE('generated circle',#343,2.5) ;
#353=CIRCLE('generated circle',#352,2.5) ;
#362=CIRCLE('generated circle',#361,2.5) ;
#379=CIRCLE('generated circle',#378,27.) ;
#586=CIRCLE('generated circle',#585,27.) ;
#612=CIRCLE('generated circle',#611,27.) ;
#829=CIRCLE('generated circle',#828,5.) ;
#843=CIRCLE('generated circle',#842,5.) ;
#857=CIRCLE('generated circle',#856,5.) ;
#871=CIRCLE('generated circle',#870,5.) ;
#890=CIRCLE('generated circle',#889,2.5) ;
#899=CIRCLE('generated circle',#898,2.5) ;
#908=CIRCLE('generated circle',#907,2.5) ;
#917=CIRCLE('generated circle',#916,2.5) ;
#926=CIRCLE('generated circle',#925,2.5) ;
#935=CIRCLE('generated circle',#934,2.5) ;
#944=CIRCLE('generated circle',#943,2.5) ;
#953=CIRCLE('generated circle',#952,2.5) ;
#975=CIRCLE('generated circle',#974,2.) ;
#995=CIRCLE('generated circle',#994,20.5) ;
#1050=CIRCLE('generated circle',#1049,2.) ;
#1076=CIRCLE('generated circle',#1075,2.) ;
#1102=CIRCLE('generated circle',#1101,20.5) ;
#1174=CIRCLE('generated circle',#1173,9.5) ;
#1193=CIRCLE('generated circle',#1192,9.5) ;
#1241=CIRCLE('generated circle',#1240,2.) ;
#1265=CIRCLE('generated circle',#1264,13.) ;
#1296=CIRCLE('generated circle',#1295,20.5) ;
#1329=CIRCLE('generated circle',#1328,5.) ;
#1343=CIRCLE('generated circle',#1342,5.) ;
#1391=CIRCLE('generated circle',#1390,5.) ;
#1405=CIRCLE('generated circle',#1404,5.) ;
#1431=CIRCLE('generated circle',#1430,20.) ;
#1445=CIRCLE('generated circle',#1444,20.) ;
#1459=CIRCLE('generated circle',#1458,20.) ;
#1670=CIRCLE('generated circle',#1669,26.) ;
#1679=CIRCLE('generated circle',#1678,26.) ;
#1688=CIRCLE('generated circle',#1687,20.) ;
#1697=CIRCLE('generated circle',#1696,20.) ;
#1712=CIRCLE('generated circle',#1711,26.) ;
#1738=CIRCLE('generated circle',#1737,26.) ;
#1755=CIRCLE('generated circle',#1754,26.) ;
#1771=CIRCLE('generated circle',#1770,26.) ;
#1790=CIRCLE('generated circle',#1789,26.) ;
#1795=CIRCLE('generated circle',#1794,26.) ;
#1812=CIRCLE('generated circle',#1811,27.5) ;
#1821=CIRCLE('generated circle',#1820,27.5) ;
#1840=CIRCLE('generated circle',#1839,27.5) ;
#1849=CIRCLE('generated circle',#1848,27.5) ;
#1863=CIRCLE('generated circle',#1862,20.) ;
#1897=CIRCLE('generated circle',#1896,20.) ;
#2133=CIRCLE('generated circle',#2132,27.5) ;
#2152=CIRCLE('generated circle',#2151,27.5) ;
#2209=CIRCLE('generated circle',#2208,27.5) ;
#2228=CIRCLE('generated circle',#2227,27.5) ;
#2278=CIRCLE('generated circle',#2277,5.) ;
#2326=CIRCLE('generated circle',#2325,5.) ;
#2374=CIRCLE('generated circle',#2373,5.) ;
#2410=CIRCLE('generated circle',#2409,5.) ;
#2441=CIRCLE('generated circle',#2440,2.) ;
#2453=CIRCLE('generated circle',#2452,20.5) ;
#2470=CIRCLE('generated circle',#2469,1.5) ;
#2477=CIRCLE('generated circle',#2476,1.5) ;
#2529=CIRCLE('generated circle',#2528,2.) ;
#2553=CIRCLE('generated circle',#2552,13.) ;
#2572=CIRCLE('generated circle',#2571,9.5) ;
#2591=CIRCLE('generated circle',#2590,9.5) ;
#2630=CIRCLE('generated circle',#2629,2.) ;
#2642=CIRCLE('generated circle',#2641,13.) ;
#2654=CIRCLE('generated circle',#2653,20.5) ;
#2680=CIRCLE('generated circle',#2679,5.) ;
#2723=CIRCLE('generated circle',#2722,5.) ;
#2789=CIRCLE('generated circle',#2788,2.5) ;
#2798=CIRCLE('generated circle',#2797,2.5) ;
#2807=CIRCLE('generated circle',#2806,2.5) ;
#2816=CIRCLE('generated circle',#2815,2.5) ;
#2826=CIRCLE('generated circle',#2825,13.) ;
#2845=CIRCLE('generated circle',#2844,1.5) ;
#2852=CIRCLE('generated circle',#2851,1.5) ;
#2878=CIRCLE('generated circle',#2877,2.) ;
#2904=CIRCLE('generated circle',#2903,2.) ;
#2928=CIRCLE('generated circle',#2927,3.) ;
#2952=CIRCLE('generated circle',#2951,3.) ;
#2969=CIRCLE('generated circle',#2968,2.) ;
#2995=CIRCLE('generated circle',#2994,2.) ;
#3027=CIRCLE('generated circle',#3026,3.) ;
#3036=CIRCLE('generated circle',#3035,3.) ;
#3089=CIRCLE('generated circle',#3088,4.) ;
#3115=CIRCLE('generated circle',#3114,4.) ;
#3131=CIRCLE('generated circle',#3130,5.) ;
#3140=CIRCLE('generated circle',#3139,5.) ;
#3189=CIRCLE('generated circle',#3188,2.) ;
#3215=CIRCLE('generated circle',#3214,2.) ;
#3239=CIRCLE('generated circle',#3238,3.) ;
#3263=CIRCLE('generated circle',#3262,3.) ;
#3280=CIRCLE('generated circle',#3279,2.) ;
#3306=CIRCLE('generated circle',#3305,2.) ;
#3327=CIRCLE('generated circle',#3326,3.) ;
#3336=CIRCLE('generated circle',#3335,3.) ;
#3389=CIRCLE('generated circle',#3388,1.5) ;
#3423=CIRCLE('generated circle',#3422,2.5) ;
#3432=CIRCLE('generated circle',#3431,2.5) ;
#3442=CIRCLE('generated circle',#3441,1.5) ;
#3494=CIRCLE('generated circle',#3493,2.5) ;
#3520=CIRCLE('generated circle',#3519,2.5) ;
#3544=CIRCLE('generated circle',#3543,3.5) ;
#3568=CIRCLE('generated circle',#3567,3.5) ;
#3585=CIRCLE('generated circle',#3584,2.5) ;
#3611=CIRCLE('generated circle',#3610,2.5) ;
#3635=CIRCLE('generated circle',#3634,3.5) ;
#3659=CIRCLE('generated circle',#3658,3.5) ;
#3676=CIRCLE('generated circle',#3675,2.5) ;
#3702=CIRCLE('generated circle',#3701,2.5) ;
#3726=CIRCLE('generated circle',#3725,3.5) ;
#3750=CIRCLE('generated circle',#3749,3.5) ;
#3767=CIRCLE('generated circle',#3766,2.5) ;
#3793=CIRCLE('generated circle',#3792,2.5) ;
#3815=CIRCLE('generated circle',#3814,3.5) ;
#3824=CIRCLE('generated circle',#3823,3.5) ;
#3889=CIRCLE('generated circle',#3888,2.5) ;
#3915=CIRCLE('generated circle',#3914,2.5) ;
#3939=CIRCLE('generated circle',#3938,3.5) ;
#3963=CIRCLE('generated circle',#3962,3.5) ;
#3980=CIRCLE('generated circle',#3979,2.5) ;
#4006=CIRCLE('generated circle',#4005,2.5) ;
#4030=CIRCLE('generated circle',#4029,3.5) ;
#4054=CIRCLE('generated circle',#4053,3.5) ;
#4071=CIRCLE('generated circle',#4070,2.5) ;
#4097=CIRCLE('generated circle',#4096,2.5) ;
#4121=CIRCLE('generated circle',#4120,3.5) ;
#4145=CIRCLE('generated circle',#4144,3.5) ;
#4162=CIRCLE('generated circle',#4161,2.5) ;
#4188=CIRCLE('generated circle',#4187,2.5) ;
#4210=CIRCLE('generated circle',#4209,3.5) ;
#4219=CIRCLE('generated circle',#4218,3.5) ;
#4279=CIRCLE('generated circle',#4278,2.) ;
#4305=CIRCLE('generated circle',#4304,2.) ;
#4336=CIRCLE('generated circle',#4335,3.) ;
#4353=CIRCLE('generated circle',#4352,3.) ;
#4365=CIRCLE('generated circle',#4364,2.) ;
#4391=CIRCLE('generated circle',#4390,2.) ;
#4423=CIRCLE('generated circle',#4422,3.) ;
#4432=CIRCLE('generated circle',#4431,3.) ;
#4484=CIRCLE('generated circle',#4483,5.) ;
#4493=CIRCLE('generated circle',#4492,5.) ;
#4503=CIRCLE('generated circle',#4502,4.) ;
#4529=CIRCLE('generated circle',#4528,4.) ;
#4575=CIRCLE('generated circle',#4574,2.) ;
#4601=CIRCLE('generated circle',#4600,2.) ;
#4632=CIRCLE('generated circle',#4631,3.) ;
#4649=CIRCLE('generated circle',#4648,3.) ;
#4661=CIRCLE('generated circle',#4660,2.) ;
#4687=CIRCLE('generated circle',#4686,2.) ;
#4708=CIRCLE('generated circle',#4707,3.) ;
#4717=CIRCLE('generated circle',#4716,3.) ;
#4770=CIRCLE('generated circle',#4769,1.5) ;
#4797=CIRCLE('generated circle',#4796,1.5) ;
#4817=CIRCLE('generated circle',#4816,2.5) ;
#4826=CIRCLE('generated circle',#4825,2.5) ;
#2917=CONICAL_SURFACE('Cone',#2916,0.,0.785398163397) ;
#2948=CONICAL_SURFACE('Cone',#2947,0.,0.785398163397) ;
#3051=CONICAL_SURFACE('Cone',#3050,0.,0.785398163397) ;
#3073=CONICAL_SURFACE('Cone',#3072,0.,0.785398163397) ;
#3151=CONICAL_SURFACE('Cone',#3150,0.,0.785398163397) ;
#3173=CONICAL_SURFACE('Cone',#3172,0.,0.785398163397) ;
#3228=CONICAL_SURFACE('Cone',#3227,0.,0.785398163397) ;
#3259=CONICAL_SURFACE('Cone',#3258,0.,0.785398163397) ;
#3351=CONICAL_SURFACE('Cone',#3350,0.,0.785398163397) ;
#3373=CONICAL_SURFACE('Cone',#3372,0.,0.785398163397) ;
#3456=CONICAL_SURFACE('Cone',#3455,0.,0.785398163397) ;
#3478=CONICAL_SURFACE('Cone',#3477,0.,0.785398163397) ;
#3533=CONICAL_SURFACE('Cone',#3532,0.,0.785398163397) ;
#3564=CONICAL_SURFACE('Cone',#3563,0.,0.785398163397) ;
#3624=CONICAL_SURFACE('Cone',#3623,0.,0.785398163397) ;
#3655=CONICAL_SURFACE('Cone',#3654,0.,0.785398163397) ;
#3715=CONICAL_SURFACE('Cone',#3714,0.,0.785398163397) ;
#3746=CONICAL_SURFACE('Cone',#3745,0.,0.785398163397) ;
#3851=CONICAL_SURFACE('Cone',#3850,0.,0.785398163397) ;
#3873=CONICAL_SURFACE('Cone',#3872,0.,0.785398163397) ;
#3928=CONICAL_SURFACE('Cone',#3927,0.,0.785398163397) ;
#3959=CONICAL_SURFACE('Cone',#3958,0.,0.785398163397) ;
#4019=CONICAL_SURFACE('Cone',#4018,0.,0.785398163397) ;
#4050=CONICAL_SURFACE('Cone',#4049,0.,0.785398163397) ;
#4110=CONICAL_SURFACE('Cone',#4109,0.,0.785398163397) ;
#4141=CONICAL_SURFACE('Cone',#4140,0.,0.785398163397) ;
#4246=CONICAL_SURFACE('Cone',#4245,0.,0.785398163397) ;
#4268=CONICAL_SURFACE('Cone',#4267,0.,0.785398163397) ;
#4318=CONICAL_SURFACE('Cone',#4317,0.,0.785398163397) ;
#4349=CONICAL_SURFACE('Cone',#4348,0.,0.785398163397) ;
#4447=CONICAL_SURFACE('Cone',#4446,0.,0.785398163397) ;
#4469=CONICAL_SURFACE('Cone',#4468,0.,0.785398163397) ;
#4542=CONICAL_SURFACE('Cone',#4541,0.,0.785398163397) ;
#4564=CONICAL_SURFACE('Cone',#4563,0.,0.785398163397) ;
#4614=CONICAL_SURFACE('Cone',#4613,0.,0.785398163397) ;
#4645=CONICAL_SURFACE('Cone',#4644,0.,0.785398163397) ;
#4732=CONICAL_SURFACE('Cone',#4731,0.,0.785398163397) ;
#4754=CONICAL_SURFACE('Cone',#4753,0.,0.785398163397) ;
#4837=CONICAL_SURFACE('Cone',#4836,0.,0.785398163397) ;
#4859=CONICAL_SURFACE('Cone',#4858,0.,0.785398163397) ;
#4869=SHAPE_REPRESENTATION_RELATIONSHIP(' ',' ',#49,#4868) ;
#56=CYLINDRICAL_SURFACE('generated cylinder',#55,20.5) ;
#146=CYLINDRICAL_SURFACE('generated cylinder',#145,2.) ;
#192=CYLINDRICAL_SURFACE('generated cylinder',#191,27.) ;
#964=CYLINDRICAL_SURFACE('generated cylinder',#963,2.) ;
#1046=CYLINDRICAL_SURFACE('generated cylinder',#1045,2.) ;
#1163=CYLINDRICAL_SURFACE('generated cylinder',#1162,9.5) ;
#1237=CYLINDRICAL_SURFACE('generated cylinder',#1236,2.) ;
#1261=CYLINDRICAL_SURFACE('generated cylinder',#1260,13.) ;
#1285=CYLINDRICAL_SURFACE('generated cylinder',#1284,20.5) ;
#1316=CYLINDRICAL_SURFACE('generated cylinder',#1315,5.) ;
#1387=CYLINDRICAL_SURFACE('generated cylinder',#1386,5.) ;
#1418=CYLINDRICAL_SURFACE('generated cylinder',#1417,20.) ;
#1708=CYLINDRICAL_SURFACE('generated cylinder',#1707,26.) ;
#1751=CYLINDRICAL_SURFACE('generated cylinder',#1750,26.) ;
#2122=CYLINDRICAL_SURFACE('generated cylinder',#2121,27.5) ;
#2198=CYLINDRICAL_SURFACE('generated cylinder',#2197,27.5) ;
#2267=CYLINDRICAL_SURFACE('generated cylinder',#2266,5.) ;
#2315=CYLINDRICAL_SURFACE('generated cylinder',#2314,5.) ;
#2363=CYLINDRICAL_SURFACE('generated cylinder',#2362,5.) ;
#2542=CYLINDRICAL_SURFACE('generated cylinder',#2541,13.) ;
#2712=CYLINDRICAL_SURFACE('generated cylinder',#2711,5.) ;
#2874=CYLINDRICAL_SURFACE('generated cylinder',#2873,2.) ;
#2965=CYLINDRICAL_SURFACE('generated cylinder',#2964,2.) ;
#3085=CYLINDRICAL_SURFACE('generated cylinder',#3084,4.) ;
#3185=CYLINDRICAL_SURFACE('generated cylinder',#3184,2.) ;
#3276=CYLINDRICAL_SURFACE('generated cylinder',#3275,2.) ;
#3385=CYLINDRICAL_SURFACE('generated cylinder',#3384,1.5) ;
#3490=CYLINDRICAL_SURFACE('generated cylinder',#3489,2.5) ;
#3581=CYLINDRICAL_SURFACE('generated cylinder',#3580,2.5) ;
#3672=CYLINDRICAL_SURFACE('generated cylinder',#3671,2.5) ;
#3763=CYLINDRICAL_SURFACE('generated cylinder',#3762,2.5) ;
#3885=CYLINDRICAL_SURFACE('generated cylinder',#3884,2.5) ;
#3976=CYLINDRICAL_SURFACE('generated cylinder',#3975,2.5) ;
#4067=CYLINDRICAL_SURFACE('generated cylinder',#4066,2.5) ;
#4158=CYLINDRICAL_SURFACE('generated cylinder',#4157,2.5) ;
#4766=CYLINDRICAL_SURFACE('generated cylinder',#4765,1.5) ;
#3=DESIGN_CONTEXT(' ',#1,'design') ;
#65=EDGE_CURVE('',#62,#64,#60,.F.) ;
#72=EDGE_CURVE('',#71,#62,#69,.T.) ;
#79=EDGE_CURVE('',#71,#78,#76,.F.) ;
#88=EDGE_CURVE('',#78,#87,#80,.T.) ;
#95=EDGE_CURVE('',#94,#87,#92,.F.) ;
#114=EDGE_CURVE('',#113,#94,#96,.T.) ;
#131=EDGE_CURVE('',#113,#64,#115,.T.) ;
#153=EDGE_CURVE('',#152,#71,#150,.T.) ;
#160=EDGE_CURVE('',#152,#159,#157,.F.) ;
#173=EDGE_CURVE('',#159,#172,#161,.T.) ;
#179=EDGE_CURVE('',#172,#78,#174,.T.) ;
#199=EDGE_CURVE('',#198,#172,#196,.F.) ;
#206=EDGE_CURVE('',#205,#198,#203,.T.) ;
#211=EDGE_CURVE('',#205,#87,#210,.F.) ;
#233=EDGE_CURVE('',#230,#232,#228,.T.) ;
#240=EDGE_CURVE('',#239,#230,#237,.T.) ;
#247=EDGE_CURVE('',#239,#246,#244,.T.) ;
#252=EDGE_CURVE('',#232,#246,#251,.F.) ;
#268=EDGE_CURVE('',#265,#267,#263,.T.) ;
#275=EDGE_CURVE('',#267,#274,#272,.T.) ;
#280=EDGE_CURVE('',#232,#274,#279,.T.) ;
#287=EDGE_CURVE('',#286,#232,#284,.F.) ;
#294=EDGE_CURVE('',#293,#286,#291,.T.) ;
#301=EDGE_CURVE('',#300,#293,#298,.F.) ;
#308=EDGE_CURVE('',#307,#300,#305,.T.) ;
#315=EDGE_CURVE('',#314,#307,#312,.F.) ;
#320=EDGE_CURVE('',#265,#314,#319,.T.) ;
#340=EDGE_CURVE('',#337,#339,#335,.T.) ;
#345=EDGE_CURVE('',#339,#337,#344,.T.) ;
#358=EDGE_CURVE('',#355,#357,#353,.T.) ;
#363=EDGE_CURVE('',#357,#355,#362,.T.) ;
#375=EDGE_CURVE('',#267,#374,#372,.F.) ;
#382=EDGE_CURVE('',#374,#381,#379,.T.) ;
#389=EDGE_CURVE('',#388,#381,#386,.F.) ;
#397=EDGE_CURVE('',#388,#396,#390,.T.) ;
#406=EDGE_CURVE('',#396,#405,#398,.T.) ;
#415=EDGE_CURVE('',#414,#405,#407,.T.) ;
#422=EDGE_CURVE('',#414,#421,#419,.T.) ;
#432=EDGE_CURVE('',#431,#421,#423,.T.) ;
#441=EDGE_CURVE('',#440,#431,#433,.T.) ;
#449=EDGE_CURVE('',#448,#440,#442,.T.) ;
#456=EDGE_CURVE('',#455,#448,#453,.F.) ;
#464=EDGE_CURVE('',#455,#463,#457,.T.) ;
#473=EDGE_CURVE('',#463,#472,#465,.T.) ;
#483=EDGE_CURVE('',#472,#482,#474,.T.) ;
#488=EDGE_CURVE('',#274,#482,#487,.F.) ;
#527=EDGE_CURVE('',#524,#526,#507,.T.) ;
#544=EDGE_CURVE('',#526,#524,#528,.T.) ;
#562=EDGE_CURVE('',#159,#455,#555,.T.) ;
#569=EDGE_CURVE('',#568,#152,#566,.T.) ;
#574=EDGE_CURVE('',#568,#463,#573,.T.) ;
#589=EDGE_CURVE('',#198,#588,#586,.T.) ;
#597=EDGE_CURVE('',#596,#448,#590,.T.) ;
#608=EDGE_CURVE('',#596,#388,#598,.T.) ;
#613=EDGE_CURVE('',#381,#374,#612,.T.) ;
#620=EDGE_CURVE('',#265,#619,#617,.F.) ;
#630=EDGE_CURVE('',#629,#619,#621,.T.) ;
#639=EDGE_CURVE('',#638,#629,#631,.T.) ;
#647=EDGE_CURVE('',#646,#638,#640,.T.) ;
#660=EDGE_CURVE('',#646,#659,#648,.T.) ;
#669=EDGE_CURVE('',#659,#668,#661,.T.) ;
#674=EDGE_CURVE('',#588,#668,#673,.F.) ;
#715=EDGE_CURVE('',#712,#714,#695,.T.) ;
#732=EDGE_CURVE('',#714,#712,#716,.T.) ;
#747=EDGE_CURVE('',#744,#746,#737,.T.) ;
#760=EDGE_CURVE('',#759,#744,#748,.T.) ;
#768=EDGE_CURVE('',#759,#767,#761,.T.) ;
#777=EDGE_CURVE('',#767,#776,#769,.T.) ;
#787=EDGE_CURVE('',#776,#786,#778,.T.) ;
#794=EDGE_CURVE('',#793,#786,#791,.T.) ;
#801=EDGE_CURVE('',#793,#746,#795,.T.) ;
#825=EDGE_CURVE('',#822,#824,#820,.F.) ;
#832=EDGE_CURVE('',#831,#822,#829,.F.) ;
#839=EDGE_CURVE('',#838,#831,#836,.F.) ;
#846=EDGE_CURVE('',#845,#838,#843,.F.) ;
#853=EDGE_CURVE('',#852,#845,#850,.F.) ;
#860=EDGE_CURVE('',#859,#852,#857,.F.) ;
#867=EDGE_CURVE('',#866,#859,#864,.F.) ;
#872=EDGE_CURVE('',#824,#866,#871,.F.) ;
#895=EDGE_CURVE('',#892,#894,#890,.F.) ;
#900=EDGE_CURVE('',#894,#892,#899,.F.) ;
#913=EDGE_CURVE('',#910,#912,#908,.F.) ;
#918=EDGE_CURVE('',#912,#910,#917,.F.) ;
#931=EDGE_CURVE('',#928,#930,#926,.F.) ;
#936=EDGE_CURVE('',#930,#928,#935,.F.) ;
#949=EDGE_CURVE('',#946,#948,#944,.F.) ;
#954=EDGE_CURVE('',#948,#946,#953,.F.) ;
#971=EDGE_CURVE('',#970,#596,#968,.F.) ;
#978=EDGE_CURVE('',#977,#970,#975,.T.) ;
#983=EDGE_CURVE('',#977,#396,#982,.F.) ;
#998=EDGE_CURVE('',#997,#977,#995,.T.) ;
#1003=EDGE_CURVE('',#997,#405,#1002,.F.) ;
#1022=EDGE_CURVE('',#1021,#414,#1019,.T.) ;
#1029=EDGE_CURVE('',#1028,#1021,#1026,.T.) ;
#1034=EDGE_CURVE('',#1028,#421,#1033,.T.) ;
#1053=EDGE_CURVE('',#1052,#568,#1050,.T.) ;
#1058=EDGE_CURVE('',#1052,#472,#1057,.F.) ;
#1072=EDGE_CURVE('',#646,#1071,#1069,.F.) ;
#1079=EDGE_CURVE('',#1071,#1078,#1076,.T.) ;
#1084=EDGE_CURVE('',#659,#1078,#1083,.F.) ;
#1098=EDGE_CURVE('',#668,#1097,#1095,.F.) ;
#1105=EDGE_CURVE('',#1078,#1104,#1102,.T.) ;
#1112=EDGE_CURVE('',#1111,#1104,#1109,.F.) ;
#1131=EDGE_CURVE('',#1130,#1111,#1113,.T.) ;
#1148=EDGE_CURVE('',#1130,#1097,#1132,.T.) ;
#1170=EDGE_CURVE('',#712,#1169,#1167,.F.) ;
#1177=EDGE_CURVE('',#1169,#1176,#1174,.T.) ;
#1182=EDGE_CURVE('',#714,#1176,#1181,.F.) ;
#1194=EDGE_CURVE('',#1176,#1169,#1193,.T.) ;
#1213=EDGE_CURVE('',#759,#1212,#1210,.T.) ;
#1220=EDGE_CURVE('',#1212,#1219,#1217,.F.) ;
#1225=EDGE_CURVE('',#767,#1219,#1224,.T.) ;
#1244=EDGE_CURVE('',#1219,#1243,#1241,.T.) ;
#1249=EDGE_CURVE('',#776,#1243,#1248,.F.) ;
#1268=EDGE_CURVE('',#1243,#1267,#1265,.F.) ;
#1273=EDGE_CURVE('',#786,#1267,#1272,.F.) ;
#1292=EDGE_CURVE('',#793,#1291,#1289,.F.) ;
#1299=EDGE_CURVE('',#1291,#1298,#1296,.T.) ;
#1304=EDGE_CURVE('',#746,#1298,#1303,.F.) ;
#1325=EDGE_CURVE('',#1322,#1324,#1320,.F.) ;
#1332=EDGE_CURVE('',#1322,#1331,#1329,.F.) ;
#1339=EDGE_CURVE('',#1331,#1338,#1336,.F.) ;
#1344=EDGE_CURVE('',#1324,#1338,#1343,.F.) ;
#1363=EDGE_CURVE('',#1331,#1362,#1360,.F.) ;
#1370=EDGE_CURVE('',#1362,#1369,#1367,.T.) ;
#1375=EDGE_CURVE('',#1338,#1369,#1374,.F.) ;
#1394=EDGE_CURVE('',#1362,#1393,#1391,.T.) ;
#1401=EDGE_CURVE('',#1393,#1400,#1398,.T.) ;
#1406=EDGE_CURVE('',#1369,#1400,#1405,.T.) ;
#1427=EDGE_CURVE('',#1424,#1426,#1422,.F.) ;
#1434=EDGE_CURVE('',#1433,#1424,#1431,.F.) ;
#1441=EDGE_CURVE('',#1433,#1440,#1438,.F.) ;
#1448=EDGE_CURVE('',#1447,#1440,#1445,.T.) ;
#1455=EDGE_CURVE('',#1454,#1447,#1452,.F.) ;
#1460=EDGE_CURVE('',#1426,#1454,#1459,.F.) ;
#1489=EDGE_CURVE('',#1486,#1488,#1469,.T.) ;
#1503=EDGE_CURVE('',#1488,#1486,#1490,.T.) ;
#1525=EDGE_CURVE('',#1522,#1524,#1508,.T.) ;
#1539=EDGE_CURVE('',#1524,#1522,#1526,.T.) ;
#1564=EDGE_CURVE('',#1561,#1563,#1544,.T.) ;
#1578=EDGE_CURVE('',#1563,#1561,#1565,.T.) ;
#1600=EDGE_CURVE('',#1597,#1599,#1583,.T.) ;
#1614=EDGE_CURVE('',#1599,#1597,#1601,.T.) ;
#1639=EDGE_CURVE('',#1636,#1638,#1619,.T.) ;
#1656=EDGE_CURVE('',#1638,#1636,#1640,.T.) ;
#1675=EDGE_CURVE('',#1672,#1674,#1670,.T.) ;
#1680=EDGE_CURVE('',#1674,#1672,#1679,.T.) ;
#1693=EDGE_CURVE('',#1690,#1692,#1688,.T.) ;
#1698=EDGE_CURVE('',#1692,#1690,#1697,.T.) ;
#1717=EDGE_CURVE('',#1714,#1716,#1712,.T.) ;
#1722=EDGE_CURVE('',#1674,#1716,#1721,.F.) ;
#1727=EDGE_CURVE('',#1672,#1714,#1726,.F.) ;
#1739=EDGE_CURVE('',#1716,#1714,#1738,.T.) ;
#1760=EDGE_CURVE('',#1757,#1759,#1755,.T.) ;
#1767=EDGE_CURVE('',#1766,#1759,#1764,.F.) ;
#1774=EDGE_CURVE('',#1773,#1766,#1771,.T.) ;
#1779=EDGE_CURVE('',#1773,#1757,#1778,.F.) ;
#1791=EDGE_CURVE('',#1759,#1757,#1790,.T.) ;
#1796=EDGE_CURVE('',#1766,#1773,#1795,.T.) ;
#1817=EDGE_CURVE('',#1814,#1816,#1812,.T.) ;
#1822=EDGE_CURVE('',#1816,#1814,#1821,.T.) ;
#1845=EDGE_CURVE('',#1842,#1844,#1840,.T.) ;
#1850=EDGE_CURVE('',#1844,#1842,#1849,.T.) ;
#1866=EDGE_CURVE('',#1424,#1865,#1863,.F.) ;
#1871=EDGE_CURVE('',#1690,#1865,#1870,.F.) ;
#1876=EDGE_CURVE('',#1692,#1433,#1875,.F.) ;
#1898=EDGE_CURVE('',#1440,#1447,#1897,.F.) ;
#1908=EDGE_CURVE('',#1865,#1454,#1907,.F.) ;
#1935=EDGE_CURVE('',#1932,#1934,#1918,.T.) ;
#1952=EDGE_CURVE('',#1934,#1932,#1936,.T.) ;
#1974=EDGE_CURVE('',#1971,#1973,#1957,.T.) ;
#1988=EDGE_CURVE('',#1973,#1971,#1975,.T.) ;
#2010=EDGE_CURVE('',#2007,#2009,#1993,.T.) ;
#2027=EDGE_CURVE('',#2009,#2007,#2011,.T.) ;
#2049=EDGE_CURVE('',#2046,#2048,#2032,.T.) ;
#2063=EDGE_CURVE('',#2048,#2046,#2050,.T.) ;
#2088=EDGE_CURVE('',#2085,#2087,#2068,.T.) ;
#2105=EDGE_CURVE('',#2087,#2085,#2089,.T.) ;
#2129=EDGE_CURVE('',#2128,#1816,#2126,.F.) ;
#2136=EDGE_CURVE('',#2128,#2135,#2133,.T.) ;
#2141=EDGE_CURVE('',#2135,#1814,#2140,.F.) ;
#2153=EDGE_CURVE('',#2135,#2128,#2152,.T.) ;
#2169=EDGE_CURVE('',#2166,#2168,#2164,.T.) ;
#2176=EDGE_CURVE('',#2168,#2175,#2173,.T.) ;
#2181=EDGE_CURVE('',#314,#2175,#2180,.T.) ;
#2186=EDGE_CURVE('',#2166,#314,#2185,.F.) ;
#2205=EDGE_CURVE('',#2204,#1844,#2202,.F.) ;
#2212=EDGE_CURVE('',#2204,#2211,#2209,.T.) ;
#2217=EDGE_CURVE('',#2211,#1842,#2216,.F.) ;
#2229=EDGE_CURVE('',#2211,#2204,#2228,.T.) ;
#2243=EDGE_CURVE('',#822,#2242,#2240,.T.) ;
#2250=EDGE_CURVE('',#824,#2249,#2247,.T.) ;
#2255=EDGE_CURVE('',#2242,#2249,#2254,.F.) ;
#2274=EDGE_CURVE('',#831,#2273,#2271,.T.) ;
#2279=EDGE_CURVE('',#2273,#2242,#2278,.T.) ;
#2298=EDGE_CURVE('',#838,#2297,#2295,.T.) ;
#2303=EDGE_CURVE('',#2297,#2273,#2302,.F.) ;
#2322=EDGE_CURVE('',#845,#2321,#2319,.T.) ;
#2327=EDGE_CURVE('',#2321,#2297,#2326,.T.) ;
#2346=EDGE_CURVE('',#852,#2345,#2343,.T.) ;
#2351=EDGE_CURVE('',#2345,#2321,#2350,.F.) ;
#2370=EDGE_CURVE('',#859,#2369,#2367,.T.) ;
#2375=EDGE_CURVE('',#2369,#2345,#2374,.T.) ;
#2394=EDGE_CURVE('',#866,#2393,#2391,.T.) ;
#2399=EDGE_CURVE('',#2393,#2369,#2398,.F.) ;
#2411=EDGE_CURVE('',#2249,#2393,#2410,.T.) ;
#2423=EDGE_CURVE('',#1267,#1291,#2422,.T.) ;
#2437=EDGE_CURVE('',#744,#2436,#2434,.F.) ;
#2442=EDGE_CURVE('',#2436,#1212,#2441,.T.) ;
#2454=EDGE_CURVE('',#1298,#2436,#2453,.T.) ;
#2473=EDGE_CURVE('',#1097,#2472,#2470,.T.) ;
#2478=EDGE_CURVE('',#2472,#1111,#2477,.T.) ;
#2483=EDGE_CURVE('',#1104,#2168,#2482,.T.) ;
#2488=EDGE_CURVE('',#588,#2166,#2487,.T.) ;
#2506=EDGE_CURVE('',#638,#2505,#2503,.T.) ;
#2511=EDGE_CURVE('',#2505,#1071,#2510,.T.) ;
#2525=EDGE_CURVE('',#629,#2524,#2522,.F.) ;
#2530=EDGE_CURVE('',#2524,#2505,#2529,.T.) ;
#2549=EDGE_CURVE('',#619,#2548,#2546,.F.) ;
#2554=EDGE_CURVE('',#2548,#2524,#2553,.F.) ;
#2568=EDGE_CURVE('',#2567,#524,#2565,.F.) ;
#2575=EDGE_CURVE('',#2574,#2567,#2572,.T.) ;
#2580=EDGE_CURVE('',#2574,#526,#2579,.F.) ;
#2592=EDGE_CURVE('',#2567,#2574,#2591,.T.) ;
#2606=EDGE_CURVE('',#2605,#440,#2603,.T.) ;
#2611=EDGE_CURVE('',#970,#2605,#2610,.F.) ;
#2626=EDGE_CURVE('',#2625,#431,#2623,.F.) ;
#2631=EDGE_CURVE('',#2605,#2625,#2630,.T.) ;
#2643=EDGE_CURVE('',#2625,#1028,#2642,.F.) ;
#2655=EDGE_CURVE('',#1021,#997,#2654,.T.) ;
#2669=EDGE_CURVE('',#293,#2668,#2666,.F.) ;
#2676=EDGE_CURVE('',#286,#2675,#2673,.F.) ;
#2681=EDGE_CURVE('',#2668,#2675,#2680,.F.) ;
#2695=EDGE_CURVE('',#300,#2694,#2692,.T.) ;
#2700=EDGE_CURVE('',#2694,#2668,#2699,.F.) ;
#2719=EDGE_CURVE('',#307,#2718,#2716,.T.) ;
#2724=EDGE_CURVE('',#2718,#2694,#2723,.T.) ;
#2736=EDGE_CURVE('',#1393,#2166,#2735,.F.) ;
#2741=EDGE_CURVE('',#1400,#2718,#2740,.F.) ;
#2755=EDGE_CURVE('',#246,#1322,#2754,.F.) ;
#2760=EDGE_CURVE('',#2675,#1324,#2759,.F.) ;
#2774=EDGE_CURVE('',#246,#205,#2773,.T.) ;
#2794=EDGE_CURVE('',#2791,#2793,#2789,.T.) ;
#2799=EDGE_CURVE('',#2793,#2791,#2798,.T.) ;
#2812=EDGE_CURVE('',#2809,#2811,#2807,.T.) ;
#2817=EDGE_CURVE('',#2811,#2809,#2816,.T.) ;
#2829=EDGE_CURVE('',#2828,#1052,#2826,.F.) ;
#2834=EDGE_CURVE('',#2828,#482,#2833,.F.) ;
#2848=EDGE_CURVE('',#64,#2847,#2845,.T.) ;
#2853=EDGE_CURVE('',#2847,#94,#2852,.T.) ;
#2858=EDGE_CURVE('',#62,#239,#2857,.T.) ;
#2883=EDGE_CURVE('',#2880,#2882,#2878,.T.) ;
#2888=EDGE_CURVE('',#2882,#1971,#2887,.F.) ;
#2893=EDGE_CURVE('',#2880,#1973,#2892,.F.) ;
#2905=EDGE_CURVE('',#2882,#2880,#2904,.T.) ;
#2924=EDGE_CURVE('',#2880,#2923,#2921,.T.) ;
#2931=EDGE_CURVE('',#2923,#2930,#2928,.T.) ;
#2936=EDGE_CURVE('',#2882,#2930,#2935,.T.) ;
#2953=EDGE_CURVE('',#2930,#2923,#2952,.T.) ;
#2974=EDGE_CURVE('',#2971,#2973,#2969,.T.) ;
#2979=EDGE_CURVE('',#1934,#2973,#2978,.T.) ;
#2984=EDGE_CURVE('',#1932,#2971,#2983,.T.) ;
#2996=EDGE_CURVE('',#2973,#2971,#2995,.T.) ;
#3013=EDGE_CURVE('',#230,#2828,#3012,.F.) ;
#3032=EDGE_CURVE('',#3029,#3031,#3027,.T.) ;
#3037=EDGE_CURVE('',#3031,#3029,#3036,.T.) ;
#3056=EDGE_CURVE('',#2971,#3031,#3055,.T.) ;
#3061=EDGE_CURVE('',#2973,#3029,#3060,.T.) ;
#3094=EDGE_CURVE('',#3091,#3093,#3089,.T.) ;
#3099=EDGE_CURVE('',#3093,#2085,#3098,.F.) ;
#3104=EDGE_CURVE('',#3091,#2087,#3103,.F.) ;
#3116=EDGE_CURVE('',#3093,#3091,#3115,.T.) ;
#3136=EDGE_CURVE('',#3133,#3135,#3131,.T.) ;
#3141=EDGE_CURVE('',#3135,#3133,#3140,.T.) ;
#3156=EDGE_CURVE('',#3091,#3135,#3155,.T.) ;
#3161=EDGE_CURVE('',#3093,#3133,#3160,.T.) ;
#3194=EDGE_CURVE('',#3191,#3193,#3189,.T.) ;
#3199=EDGE_CURVE('',#2048,#3193,#3198,.T.) ;
#3204=EDGE_CURVE('',#2046,#3191,#3203,.T.) ;
#3216=EDGE_CURVE('',#3193,#3191,#3215,.T.) ;
#3235=EDGE_CURVE('',#3193,#3234,#3232,.T.) ;
#3242=EDGE_CURVE('',#3234,#3241,#3239,.T.) ;
#3247=EDGE_CURVE('',#3191,#3241,#3246,.T.) ;
#3264=EDGE_CURVE('',#3241,#3234,#3263,.T.) ;
#3285=EDGE_CURVE('',#3282,#3284,#3280,.T.) ;
#3290=EDGE_CURVE('',#2009,#3284,#3289,.T.) ;
#3295=EDGE_CURVE('',#2007,#3282,#3294,.T.) ;
#3307=EDGE_CURVE('',#3284,#3282,#3306,.T.) ;
#3332=EDGE_CURVE('',#3329,#3331,#3327,.T.) ;
#3337=EDGE_CURVE('',#3331,#3329,#3336,.T.) ;
#3356=EDGE_CURVE('',#3284,#3331,#3355,.T.) ;
#3361=EDGE_CURVE('',#3282,#3329,#3360,.T.) ;
#3394=EDGE_CURVE('',#3391,#3393,#3389,.F.) ;
#3399=EDGE_CURVE('',#113,#3393,#3398,.F.) ;
#3404=EDGE_CURVE('',#2847,#3391,#3403,.F.) ;
#3428=EDGE_CURVE('',#3425,#3427,#3423,.T.) ;
#3433=EDGE_CURVE('',#3427,#3425,#3432,.T.) ;
#3443=EDGE_CURVE('',#3393,#3391,#3442,.F.) ;
#3461=EDGE_CURVE('',#3393,#3427,#3460,.T.) ;
#3466=EDGE_CURVE('',#3391,#3425,#3465,.T.) ;
#3499=EDGE_CURVE('',#3496,#3498,#3494,.T.) ;
#3504=EDGE_CURVE('',#337,#3498,#3503,.T.) ;
#3509=EDGE_CURVE('',#339,#3496,#3508,.T.) ;
#3521=EDGE_CURVE('',#3498,#3496,#3520,.T.) ;
#3540=EDGE_CURVE('',#3498,#3539,#3537,.T.) ;
#3547=EDGE_CURVE('',#3539,#3546,#3544,.T.) ;
#3552=EDGE_CURVE('',#3496,#3546,#3551,.T.) ;
#3569=EDGE_CURVE('',#3546,#3539,#3568,.T.) ;
#3590=EDGE_CURVE('',#3587,#3589,#3585,.T.) ;
#3595=EDGE_CURVE('',#2793,#3589,#3594,.T.) ;
#3600=EDGE_CURVE('',#2791,#3587,#3599,.T.) ;
#3612=EDGE_CURVE('',#3589,#3587,#3611,.T.) ;
#3631=EDGE_CURVE('',#3589,#3630,#3628,.T.) ;
#3638=EDGE_CURVE('',#3630,#3637,#3635,.T.) ;
#3643=EDGE_CURVE('',#3587,#3637,#3642,.T.) ;
#3660=EDGE_CURVE('',#3637,#3630,#3659,.T.) ;
#3681=EDGE_CURVE('',#3678,#3680,#3676,.T.) ;
#3686=EDGE_CURVE('',#2811,#3680,#3685,.T.) ;
#3691=EDGE_CURVE('',#2809,#3678,#3690,.T.) ;
#3703=EDGE_CURVE('',#3680,#3678,#3702,.T.) ;
#3722=EDGE_CURVE('',#3680,#3721,#3719,.T.) ;
#3729=EDGE_CURVE('',#3721,#3728,#3726,.T.) ;
#3734=EDGE_CURVE('',#3678,#3728,#3733,.T.) ;
#3751=EDGE_CURVE('',#3728,#3721,#3750,.T.) ;
#3772=EDGE_CURVE('',#3769,#3771,#3767,.T.) ;
#3777=EDGE_CURVE('',#355,#3771,#3776,.T.) ;
#3782=EDGE_CURVE('',#357,#3769,#3781,.T.) ;
#3794=EDGE_CURVE('',#3771,#3769,#3793,.T.) ;
#3820=EDGE_CURVE('',#3817,#3819,#3815,.T.) ;
#3825=EDGE_CURVE('',#3819,#3817,#3824,.T.) ;
#3856=EDGE_CURVE('',#3771,#3819,#3855,.T.) ;
#3861=EDGE_CURVE('',#3769,#3817,#3860,.T.) ;
#3894=EDGE_CURVE('',#3891,#3893,#3889,.T.) ;
#3899=EDGE_CURVE('',#892,#3893,#3898,.T.) ;
#3904=EDGE_CURVE('',#894,#3891,#3903,.T.) ;
#3916=EDGE_CURVE('',#3893,#3891,#3915,.T.) ;
#3935=EDGE_CURVE('',#3893,#3934,#3932,.T.) ;
#3942=EDGE_CURVE('',#3934,#3941,#3939,.T.) ;
#3947=EDGE_CURVE('',#3891,#3941,#3946,.T.) ;
#3964=EDGE_CURVE('',#3941,#3934,#3963,.T.) ;
#3985=EDGE_CURVE('',#3982,#3984,#3980,.T.) ;
#3990=EDGE_CURVE('',#910,#3984,#3989,.T.) ;
#3995=EDGE_CURVE('',#912,#3982,#3994,.T.) ;
#4007=EDGE_CURVE('',#3984,#3982,#4006,.T.) ;
#4026=EDGE_CURVE('',#3984,#4025,#4023,.T.) ;
#4033=EDGE_CURVE('',#4025,#4032,#4030,.T.) ;
#4038=EDGE_CURVE('',#3982,#4032,#4037,.T.) ;
#4055=EDGE_CURVE('',#4032,#4025,#4054,.T.) ;
#4076=EDGE_CURVE('',#4073,#4075,#4071,.T.) ;
#4081=EDGE_CURVE('',#946,#4075,#4080,.T.) ;
#4086=EDGE_CURVE('',#948,#4073,#4085,.T.) ;
#4098=EDGE_CURVE('',#4075,#4073,#4097,.T.) ;
#4117=EDGE_CURVE('',#4075,#4116,#4114,.T.) ;
#4124=EDGE_CURVE('',#4116,#4123,#4121,.T.) ;
#4129=EDGE_CURVE('',#4073,#4123,#4128,.T.) ;
#4146=EDGE_CURVE('',#4123,#4116,#4145,.T.) ;
#4167=EDGE_CURVE('',#4164,#4166,#4162,.T.) ;
#4172=EDGE_CURVE('',#928,#4166,#4171,.T.) ;
#4177=EDGE_CURVE('',#930,#4164,#4176,.T.) ;
#4189=EDGE_CURVE('',#4166,#4164,#4188,.T.) ;
#4215=EDGE_CURVE('',#4212,#4214,#4210,.T.) ;
#4220=EDGE_CURVE('',#4214,#4212,#4219,.T.) ;
#4251=EDGE_CURVE('',#4166,#4214,#4250,.T.) ;
#4256=EDGE_CURVE('',#4164,#4212,#4255,.T.) ;
#4284=EDGE_CURVE('',#4281,#4283,#4279,.T.) ;
#4289=EDGE_CURVE('',#1486,#4281,#4288,.F.) ;
#4294=EDGE_CURVE('',#1488,#4283,#4293,.F.) ;
#4306=EDGE_CURVE('',#4283,#4281,#4305,.T.) ;
#4325=EDGE_CURVE('',#4324,#4283,#4322,.F.) ;
#4332=EDGE_CURVE('',#4331,#4281,#4329,.F.) ;
#4337=EDGE_CURVE('',#4324,#4331,#4336,.T.) ;
#4354=EDGE_CURVE('',#4331,#4324,#4353,.T.) ;
#4370=EDGE_CURVE('',#4367,#4369,#4365,.T.) ;
#4375=EDGE_CURVE('',#1524,#4367,#4374,.F.) ;
#4380=EDGE_CURVE('',#1522,#4369,#4379,.F.) ;
#4392=EDGE_CURVE('',#4369,#4367,#4391,.T.) ;
#4409=EDGE_CURVE('',#2175,#2548,#4408,.F.) ;
#4428=EDGE_CURVE('',#4425,#4427,#4423,.T.) ;
#4433=EDGE_CURVE('',#4427,#4425,#4432,.T.) ;
#4452=EDGE_CURVE('',#4425,#4367,#4451,.F.) ;
#4457=EDGE_CURVE('',#4427,#4369,#4456,.F.) ;
#4489=EDGE_CURVE('',#4486,#4488,#4484,.T.) ;
#4494=EDGE_CURVE('',#4488,#4486,#4493,.T.) ;
#4508=EDGE_CURVE('',#4505,#4507,#4503,.T.) ;
#4513=EDGE_CURVE('',#1638,#4505,#4512,.F.) ;
#4518=EDGE_CURVE('',#1636,#4507,#4517,.F.) ;
#4530=EDGE_CURVE('',#4507,#4505,#4529,.T.) ;
#4547=EDGE_CURVE('',#4486,#4505,#4546,.F.) ;
#4552=EDGE_CURVE('',#4488,#4507,#4551,.F.) ;
#4580=EDGE_CURVE('',#4577,#4579,#4575,.T.) ;
#4585=EDGE_CURVE('',#1561,#4577,#4584,.F.) ;
#4590=EDGE_CURVE('',#1563,#4579,#4589,.F.) ;
#4602=EDGE_CURVE('',#4579,#4577,#4601,.T.) ;
#4621=EDGE_CURVE('',#4620,#4579,#4618,.F.) ;
#4628=EDGE_CURVE('',#4627,#4577,#4625,.F.) ;
#4633=EDGE_CURVE('',#4620,#4627,#4632,.T.) ;
#4650=EDGE_CURVE('',#4627,#4620,#4649,.T.) ;
#4666=EDGE_CURVE('',#4663,#4665,#4661,.T.) ;
#4671=EDGE_CURVE('',#4663,#1597,#4670,.T.) ;
#4676=EDGE_CURVE('',#4665,#1599,#4675,.T.) ;
#4688=EDGE_CURVE('',#4665,#4663,#4687,.T.) ;
#4713=EDGE_CURVE('',#4710,#4712,#4708,.T.) ;
#4718=EDGE_CURVE('',#4712,#4710,#4717,.T.) ;
#4737=EDGE_CURVE('',#4710,#4665,#4736,.F.) ;
#4742=EDGE_CURVE('',#4712,#4663,#4741,.F.) ;
#4775=EDGE_CURVE('',#4772,#4774,#4770,.F.) ;
#4780=EDGE_CURVE('',#2472,#4774,#4779,.F.) ;
#4785=EDGE_CURVE('',#1130,#4772,#4784,.F.) ;
#4798=EDGE_CURVE('',#4774,#4772,#4797,.F.) ;
#4822=EDGE_CURVE('',#4819,#4821,#4817,.T.) ;
#4827=EDGE_CURVE('',#4821,#4819,#4826,.T.) ;
#4842=EDGE_CURVE('',#4772,#4821,#4841,.T.) ;
#4847=EDGE_CURVE('',#4774,#4819,#4846,.T.) ;
#132=EDGE_LOOP('',(#133,#134,#135,#136,#137,#138,#139)) ;
#180=EDGE_LOOP('',(#181,#182,#183,#184,#185)) ;
#212=EDGE_LOOP('',(#213,#214,#215,#216,#217)) ;
#253=EDGE_LOOP('',(#254,#255,#256,#257)) ;
#321=EDGE_LOOP('',(#322,#323,#324,#325,#326,#327,#328,#329,#330)) ;
#346=EDGE_LOOP('',(#347,#348)) ;
#364=EDGE_LOOP('',(#365,#366)) ;
#489=EDGE_LOOP('',(#490,#491,#492,#493,#494,#495,#496,#497,#498,#499,#500,#501,#502,#503,#504,#505)) ;
#545=EDGE_LOOP('',(#546,#547)) ;
#575=EDGE_LOOP('',(#576,#577,#578,#579,#580)) ;
#675=EDGE_LOOP('',(#676,#677,#678,#679,#680,#681,#682,#683,#684,#685,#686,#687,#688,#689,#690,#691,#692,#693)) ;
#733=EDGE_LOOP('',(#734,#735)) ;
#802=EDGE_LOOP('',(#803,#804,#805,#806,#807,#808,#809)) ;
#873=EDGE_LOOP('',(#874,#875,#876,#877,#878,#879,#880,#881)) ;
#883=EDGE_LOOP('',(#884,#885)) ;
#901=EDGE_LOOP('',(#902,#903)) ;
#919=EDGE_LOOP('',(#920,#921)) ;
#937=EDGE_LOOP('',(#938,#939)) ;
#955=EDGE_LOOP('',(#956,#957)) ;
#984=EDGE_LOOP('',(#985,#986,#987,#988,#989)) ;
#1004=EDGE_LOOP('',(#1005,#1006,#1007,#1008)) ;
#1035=EDGE_LOOP('',(#1036,#1037,#1038,#1039)) ;
#1059=EDGE_LOOP('',(#1060,#1061,#1062,#1063)) ;
#1085=EDGE_LOOP('',(#1086,#1087,#1088,#1089)) ;
#1149=EDGE_LOOP('',(#1150,#1151,#1152,#1153,#1154,#1155,#1156)) ;
#1183=EDGE_LOOP('',(#1184,#1185,#1186,#1187)) ;
#1195=EDGE_LOOP('',(#1196,#1197,#1198,#1199)) ;
#1226=EDGE_LOOP('',(#1227,#1228,#1229,#1230)) ;
#1250=EDGE_LOOP('',(#1251,#1252,#1253,#1254)) ;
#1274=EDGE_LOOP('',(#1275,#1276,#1277,#1278)) ;
#1305=EDGE_LOOP('',(#1306,#1307,#1308,#1309)) ;
#1345=EDGE_LOOP('',(#1346,#1347,#1348,#1349)) ;
#1376=EDGE_LOOP('',(#1377,#1378,#1379,#1380)) ;
#1407=EDGE_LOOP('',(#1408,#1409,#1410,#1411)) ;
#1461=EDGE_LOOP('',(#1462,#1463,#1464,#1465,#1466,#1467)) ;
#1504=EDGE_LOOP('',(#1505,#1506)) ;
#1540=EDGE_LOOP('',(#1541,#1542)) ;
#1579=EDGE_LOOP('',(#1580,#1581)) ;
#1615=EDGE_LOOP('',(#1616,#1617)) ;
#1657=EDGE_LOOP('',(#1658,#1659)) ;
#1681=EDGE_LOOP('',(#1682,#1683)) ;
#1699=EDGE_LOOP('',(#1700,#1701)) ;
#1728=EDGE_LOOP('',(#1729,#1730,#1731,#1732)) ;
#1740=EDGE_LOOP('',(#1741,#1742,#1743,#1744)) ;
#1780=EDGE_LOOP('',(#1781,#1782,#1783,#1784)) ;
#1797=EDGE_LOOP('',(#1798,#1799,#1800,#1801)) ;
#1823=EDGE_LOOP('',(#1824,#1825)) ;
#1827=EDGE_LOOP('',(#1828,#1829)) ;
#1851=EDGE_LOOP('',(#1852,#1853)) ;
#1855=EDGE_LOOP('',(#1856,#1857)) ;
#1877=EDGE_LOOP('',(#1878,#1879,#1880,#1881,#1882)) ;
#1890=EDGE_LOOP('',(#1891,#1892)) ;
#1899=EDGE_LOOP('',(#1900,#1901)) ;
#1909=EDGE_LOOP('',(#1910,#1911,#1912,#1913,#1914,#1915,#1916)) ;
#1953=EDGE_LOOP('',(#1954,#1955)) ;
#1989=EDGE_LOOP('',(#1990,#1991)) ;
#2028=EDGE_LOOP('',(#2029,#2030)) ;
#2064=EDGE_LOOP('',(#2065,#2066)) ;
#2106=EDGE_LOOP('',(#2107,#2108)) ;
#2111=EDGE_LOOP('',(#2112,#2113,#2114,#2115)) ;
#2142=EDGE_LOOP('',(#2143,#2144,#2145,#2146)) ;
#2154=EDGE_LOOP('',(#2155,#2156,#2157,#2158)) ;
#2187=EDGE_LOOP('',(#2188,#2189,#2190,#2191)) ;
#2218=EDGE_LOOP('',(#2219,#2220,#2221,#2222)) ;
#2230=EDGE_LOOP('',(#2231,#2232,#2233,#2234)) ;
#2256=EDGE_LOOP('',(#2257,#2258,#2259,#2260)) ;
#2280=EDGE_LOOP('',(#2281,#2282,#2283,#2284)) ;
#2304=EDGE_LOOP('',(#2305,#2306,#2307,#2308)) ;
#2328=EDGE_LOOP('',(#2329,#2330,#2331,#2332)) ;
#2352=EDGE_LOOP('',(#2353,#2354,#2355,#2356)) ;
#2376=EDGE_LOOP('',(#2377,#2378,#2379,#2380)) ;
#2400=EDGE_LOOP('',(#2401,#2402,#2403,#2404)) ;
#2412=EDGE_LOOP('',(#2413,#2414,#2415,#2416)) ;
#2424=EDGE_LOOP('',(#2425,#2426,#2427,#2428)) ;
#2443=EDGE_LOOP('',(#2444,#2445,#2446,#2447)) ;
#2455=EDGE_LOOP('',(#2456,#2457,#2458,#2459)) ;
#2489=EDGE_LOOP('',(#2490,#2491,#2492,#2493,#2494,#2495,#2496,#2497)) ;
#2512=EDGE_LOOP('',(#2513,#2514,#2515,#2516)) ;
#2531=EDGE_LOOP('',(#2532,#2533,#2534,#2535)) ;
#2555=EDGE_LOOP('',(#2556,#2557,#2558,#2559)) ;
#2581=EDGE_LOOP('',(#2582,#2583,#2584,#2585)) ;
#2593=EDGE_LOOP('',(#2594,#2595,#2596,#2597)) ;
#2612=EDGE_LOOP('',(#2613,#2614,#2615,#2616,#2617)) ;
#2632=EDGE_LOOP('',(#2633,#2634,#2635,#2636)) ;
#2644=EDGE_LOOP('',(#2645,#2646,#2647,#2648)) ;
#2656=EDGE_LOOP('',(#2657,#2658,#2659,#2660)) ;
#2682=EDGE_LOOP('',(#2683,#2684,#2685,#2686)) ;
#2701=EDGE_LOOP('',(#2702,#2703,#2704,#2705)) ;
#2725=EDGE_LOOP('',(#2726,#2727,#2728,#2729)) ;
#2742=EDGE_LOOP('',(#2743,#2744,#2745,#2746,#2747,#2748)) ;
#2761=EDGE_LOOP('',(#2762,#2763,#2764,#2765,#2766,#2767)) ;
#2775=EDGE_LOOP('',(#2776,#2777,#2778,#2779,#2780,#2781,#2782,#2783,#2784)) ;
#2800=EDGE_LOOP('',(#2801,#2802)) ;
#2818=EDGE_LOOP('',(#2819,#2820)) ;
#2835=EDGE_LOOP('',(#2836,#2837,#2838,#2839)) ;
#2859=EDGE_LOOP('',(#2860,#2861,#2862,#2863,#2864,#2865,#2866,#2867)) ;
#2894=EDGE_LOOP('',(#2895,#2896,#2897,#2898)) ;
#2906=EDGE_LOOP('',(#2907,#2908,#2909,#2910)) ;
#2937=EDGE_LOOP('',(#2938,#2939,#2940,#2941)) ;
#2954=EDGE_LOOP('',(#2955,#2956,#2957,#2958)) ;
#2985=EDGE_LOOP('',(#2986,#2987,#2988,#2989)) ;
#2997=EDGE_LOOP('',(#2998,#2999,#3000,#3001)) ;
#3014=EDGE_LOOP('',(#3015,#3016,#3017,#3018,#3019,#3020,#3021,#3022)) ;
#3038=EDGE_LOOP('',(#3039,#3040)) ;
#3042=EDGE_LOOP('',(#3043,#3044)) ;
#3062=EDGE_LOOP('',(#3063,#3064,#3065,#3066)) ;
#3074=EDGE_LOOP('',(#3075,#3076,#3077,#3078)) ;
#3105=EDGE_LOOP('',(#3106,#3107,#3108,#3109)) ;
#3117=EDGE_LOOP('',(#3118,#3119,#3120,#3121)) ;
#3124=EDGE_LOOP('',(#3125,#3126)) ;
#3142=EDGE_LOOP('',(#3143,#3144)) ;
#3162=EDGE_LOOP('',(#3163,#3164,#3165,#3166)) ;
#3174=EDGE_LOOP('',(#3175,#3176,#3177,#3178)) ;
#3205=EDGE_LOOP('',(#3206,#3207,#3208,#3209)) ;
#3217=EDGE_LOOP('',(#3218,#3219,#3220,#3221)) ;
#3248=EDGE_LOOP('',(#3249,#3250,#3251,#3252)) ;
#3265=EDGE_LOOP('',(#3266,#3267,#3268,#3269)) ;
#3296=EDGE_LOOP('',(#3297,#3298,#3299,#3300)) ;
#3308=EDGE_LOOP('',(#3309,#3310,#3311,#3312)) ;
#3315=EDGE_LOOP('',(#3316,#3317,#3318,#3319,#3320,#3321,#3322)) ;
#3338=EDGE_LOOP('',(#3339,#3340)) ;
#3342=EDGE_LOOP('',(#3343,#3344)) ;
#3362=EDGE_LOOP('',(#3363,#3364,#3365,#3366)) ;
#3374=EDGE_LOOP('',(#3375,#3376,#3377,#3378)) ;
#3405=EDGE_LOOP('',(#3406,#3407,#3408,#3409,#3410)) ;
#3413=EDGE_LOOP('',(#3414,#3415,#3416,#3417,#3418)) ;
#3434=EDGE_LOOP('',(#3435,#3436)) ;
#3444=EDGE_LOOP('',(#3445,#3446,#3447,#3448,#3449)) ;
#3467=EDGE_LOOP('',(#3468,#3469,#3470,#3471)) ;
#3479=EDGE_LOOP('',(#3480,#3481,#3482,#3483)) ;
#3510=EDGE_LOOP('',(#3511,#3512,#3513,#3514)) ;
#3522=EDGE_LOOP('',(#3523,#3524,#3525,#3526)) ;
#3553=EDGE_LOOP('',(#3554,#3555,#3556,#3557)) ;
#3570=EDGE_LOOP('',(#3571,#3572,#3573,#3574)) ;
#3601=EDGE_LOOP('',(#3602,#3603,#3604,#3605)) ;
#3613=EDGE_LOOP('',(#3614,#3615,#3616,#3617)) ;
#3644=EDGE_LOOP('',(#3645,#3646,#3647,#3648)) ;
#3661=EDGE_LOOP('',(#3662,#3663,#3664,#3665)) ;
#3692=EDGE_LOOP('',(#3693,#3694,#3695,#3696)) ;
#3704=EDGE_LOOP('',(#3705,#3706,#3707,#3708)) ;
#3735=EDGE_LOOP('',(#3736,#3737,#3738,#3739)) ;
#3752=EDGE_LOOP('',(#3753,#3754,#3755,#3756)) ;
#3783=EDGE_LOOP('',(#3784,#3785,#3786,#3787)) ;
#3795=EDGE_LOOP('',(#3796,#3797,#3798,#3799)) ;
#3802=EDGE_LOOP('',(#3803,#3804,#3805,#3806,#3807,#3808,#3809,#3810)) ;
#3826=EDGE_LOOP('',(#3827,#3828)) ;
#3830=EDGE_LOOP('',(#3831,#3832)) ;
#3834=EDGE_LOOP('',(#3835,#3836)) ;
#3838=EDGE_LOOP('',(#3839,#3840)) ;
#3842=EDGE_LOOP('',(#3843,#3844)) ;
#3862=EDGE_LOOP('',(#3863,#3864,#3865,#3866)) ;
#3874=EDGE_LOOP('',(#3875,#3876,#3877,#3878)) ;
#3905=EDGE_LOOP('',(#3906,#3907,#3908,#3909)) ;
#3917=EDGE_LOOP('',(#3918,#3919,#3920,#3921)) ;
#3948=EDGE_LOOP('',(#3949,#3950,#3951,#3952)) ;
#3965=EDGE_LOOP('',(#3966,#3967,#3968,#3969)) ;
#3996=EDGE_LOOP('',(#3997,#3998,#3999,#4000)) ;
#4008=EDGE_LOOP('',(#4009,#4010,#4011,#4012)) ;
#4039=EDGE_LOOP('',(#4040,#4041,#4042,#4043)) ;
#4056=EDGE_LOOP('',(#4057,#4058,#4059,#4060)) ;
#4087=EDGE_LOOP('',(#4088,#4089,#4090,#4091)) ;
#4099=EDGE_LOOP('',(#4100,#4101,#4102,#4103)) ;
#4130=EDGE_LOOP('',(#4131,#4132,#4133,#4134)) ;
#4147=EDGE_LOOP('',(#4148,#4149,#4150,#4151)) ;
#4178=EDGE_LOOP('',(#4179,#4180,#4181,#4182)) ;
#4190=EDGE_LOOP('',(#4191,#4192,#4193,#4194)) ;
#4197=EDGE_LOOP('',(#4198,#4199,#4200,#4201,#4202,#4203,#4204,#4205)) ;
#4221=EDGE_LOOP('',(#4222,#4223)) ;
#4225=EDGE_LOOP('',(#4226,#4227)) ;
#4229=EDGE_LOOP('',(#4230,#4231)) ;
#4233=EDGE_LOOP('',(#4234,#4235)) ;
#4237=EDGE_LOOP('',(#4238,#4239)) ;
#4257=EDGE_LOOP('',(#4258,#4259,#4260,#4261)) ;
#4269=EDGE_LOOP('',(#4270,#4271,#4272,#4273)) ;
#4295=EDGE_LOOP('',(#4296,#4297,#4298,#4299)) ;
#4307=EDGE_LOOP('',(#4308,#4309,#4310,#4311)) ;
#4338=EDGE_LOOP('',(#4339,#4340,#4341,#4342)) ;
#4355=EDGE_LOOP('',(#4356,#4357,#4358,#4359)) ;
#4381=EDGE_LOOP('',(#4382,#4383,#4384,#4385)) ;
#4393=EDGE_LOOP('',(#4394,#4395,#4396,#4397)) ;
#4410=EDGE_LOOP('',(#4411,#4412,#4413,#4414,#4415,#4416,#4417,#4418)) ;
#4434=EDGE_LOOP('',(#4435,#4436)) ;
#4438=EDGE_LOOP('',(#4439,#4440)) ;
#4458=EDGE_LOOP('',(#4459,#4460,#4461,#4462)) ;
#4470=EDGE_LOOP('',(#4471,#4472,#4473,#4474)) ;
#4477=EDGE_LOOP('',(#4478,#4479)) ;
#4495=EDGE_LOOP('',(#4496,#4497)) ;
#4519=EDGE_LOOP('',(#4520,#4521,#4522,#4523)) ;
#4531=EDGE_LOOP('',(#4532,#4533,#4534,#4535)) ;
#4553=EDGE_LOOP('',(#4554,#4555,#4556,#4557)) ;
#4565=EDGE_LOOP('',(#4566,#4567,#4568,#4569)) ;
#4591=EDGE_LOOP('',(#4592,#4593,#4594,#4595)) ;
#4603=EDGE_LOOP('',(#4604,#4605,#4606,#4607)) ;
#4634=EDGE_LOOP('',(#4635,#4636,#4637,#4638)) ;
#4651=EDGE_LOOP('',(#4652,#4653,#4654,#4655)) ;
#4677=EDGE_LOOP('',(#4678,#4679,#4680,#4681)) ;
#4689=EDGE_LOOP('',(#4690,#4691,#4692,#4693)) ;
#4696=EDGE_LOOP('',(#4697,#4698,#4699,#4700,#4701,#4702,#4703)) ;
#4719=EDGE_LOOP('',(#4720,#4721)) ;
#4723=EDGE_LOOP('',(#4724,#4725)) ;
#4743=EDGE_LOOP('',(#4744,#4745,#4746,#4747)) ;
#4755=EDGE_LOOP('',(#4756,#4757,#4758,#4759)) ;
#4786=EDGE_LOOP('',(#4787,#4788,#4789,#4790,#4791)) ;
#4799=EDGE_LOOP('',(#4800,#4801,#4802,#4803,#4804)) ;
#4807=EDGE_LOOP('',(#4808,#4809,#4810,#4811,#4812)) ;
#4828=EDGE_LOOP('',(#4829,#4830)) ;
#4848=EDGE_LOOP('',(#4849,#4850,#4851,#4852)) ;
#4860=EDGE_LOOP('',(#4861,#4862,#4863,#4864)) ;
#140=FACE_OUTER_BOUND('',#132,.T.) ;
#186=FACE_OUTER_BOUND('',#180,.T.) ;
#218=FACE_OUTER_BOUND('',#212,.T.) ;
#258=FACE_OUTER_BOUND('',#253,.T.) ;
#331=FACE_OUTER_BOUND('',#321,.T.) ;
#506=FACE_OUTER_BOUND('',#489,.T.) ;
#581=FACE_OUTER_BOUND('',#575,.T.) ;
#694=FACE_OUTER_BOUND('',#675,.T.) ;
#882=FACE_OUTER_BOUND('',#873,.T.) ;
#990=FACE_OUTER_BOUND('',#984,.T.) ;
#1009=FACE_OUTER_BOUND('',#1004,.T.) ;
#1040=FACE_OUTER_BOUND('',#1035,.T.) ;
#1064=FACE_OUTER_BOUND('',#1059,.T.) ;
#1090=FACE_OUTER_BOUND('',#1085,.T.) ;
#1157=FACE_OUTER_BOUND('',#1149,.T.) ;
#1188=FACE_OUTER_BOUND('',#1183,.T.) ;
#1200=FACE_OUTER_BOUND('',#1195,.T.) ;
#1231=FACE_OUTER_BOUND('',#1226,.T.) ;
#1255=FACE_OUTER_BOUND('',#1250,.T.) ;
#1279=FACE_OUTER_BOUND('',#1274,.T.) ;
#1310=FACE_OUTER_BOUND('',#1305,.T.) ;
#1350=FACE_OUTER_BOUND('',#1345,.T.) ;
#1381=FACE_OUTER_BOUND('',#1376,.T.) ;
#1412=FACE_OUTER_BOUND('',#1407,.T.) ;
#1468=FACE_OUTER_BOUND('',#1461,.T.) ;
#1684=FACE_OUTER_BOUND('',#1681,.T.) ;
#1733=FACE_OUTER_BOUND('',#1728,.T.) ;
#1745=FACE_OUTER_BOUND('',#1740,.T.) ;
#1785=FACE_OUTER_BOUND('',#1780,.T.) ;
#1802=FACE_OUTER_BOUND('',#1797,.T.) ;
#1826=FACE_OUTER_BOUND('',#1823,.T.) ;
#1854=FACE_OUTER_BOUND('',#1851,.T.) ;
#1883=FACE_OUTER_BOUND('',#1877,.T.) ;
#1893=FACE_OUTER_BOUND('',#1890,.T.) ;
#1917=FACE_OUTER_BOUND('',#1909,.T.) ;
#2116=FACE_OUTER_BOUND('',#2111,.T.) ;
#2147=FACE_OUTER_BOUND('',#2142,.T.) ;
#2159=FACE_OUTER_BOUND('',#2154,.T.) ;
#2192=FACE_OUTER_BOUND('',#2187,.T.) ;
#2223=FACE_OUTER_BOUND('',#2218,.T.) ;
#2235=FACE_OUTER_BOUND('',#2230,.T.) ;
#2261=FACE_OUTER_BOUND('',#2256,.T.) ;
#2285=FACE_OUTER_BOUND('',#2280,.T.) ;
#2309=FACE_OUTER_BOUND('',#2304,.T.) ;
#2333=FACE_OUTER_BOUND('',#2328,.T.) ;
#2357=FACE_OUTER_BOUND('',#2352,.T.) ;
#2381=FACE_OUTER_BOUND('',#2376,.T.) ;
#2405=FACE_OUTER_BOUND('',#2400,.T.) ;
#2417=FACE_OUTER_BOUND('',#2412,.T.) ;
#2429=FACE_OUTER_BOUND('',#2424,.T.) ;
#2448=FACE_OUTER_BOUND('',#2443,.T.) ;
#2460=FACE_OUTER_BOUND('',#2455,.T.) ;
#2498=FACE_OUTER_BOUND('',#2489,.T.) ;
#2517=FACE_OUTER_BOUND('',#2512,.T.) ;
#2536=FACE_OUTER_BOUND('',#2531,.T.) ;
#2560=FACE_OUTER_BOUND('',#2555,.T.) ;
#2586=FACE_OUTER_BOUND('',#2581,.T.) ;
#2598=FACE_OUTER_BOUND('',#2593,.T.) ;
#2618=FACE_OUTER_BOUND('',#2612,.T.) ;
#2637=FACE_OUTER_BOUND('',#2632,.T.) ;
#2649=FACE_OUTER_BOUND('',#2644,.T.) ;
#2661=FACE_OUTER_BOUND('',#2656,.T.) ;
#2687=FACE_OUTER_BOUND('',#2682,.T.) ;
#2706=FACE_OUTER_BOUND('',#2701,.T.) ;
#2730=FACE_OUTER_BOUND('',#2725,.T.) ;
#2749=FACE_OUTER_BOUND('',#2742,.T.) ;
#2768=FACE_OUTER_BOUND('',#2761,.T.) ;
#2785=FACE_OUTER_BOUND('',#2775,.T.) ;
#2840=FACE_OUTER_BOUND('',#2835,.T.) ;
#2868=FACE_OUTER_BOUND('',#2859,.T.) ;
#2899=FACE_OUTER_BOUND('',#2894,.T.) ;
#2911=FACE_OUTER_BOUND('',#2906,.T.) ;
#2942=FACE_OUTER_BOUND('',#2937,.T.) ;
#2959=FACE_OUTER_BOUND('',#2954,.T.) ;
#2990=FACE_OUTER_BOUND('',#2985,.T.) ;
#3002=FACE_OUTER_BOUND('',#2997,.T.) ;
#3023=FACE_OUTER_BOUND('',#3014,.T.) ;
#3067=FACE_OUTER_BOUND('',#3062,.T.) ;
#3079=FACE_OUTER_BOUND('',#3074,.T.) ;
#3110=FACE_OUTER_BOUND('',#3105,.T.) ;
#3122=FACE_OUTER_BOUND('',#3117,.T.) ;
#3127=FACE_OUTER_BOUND('',#3124,.T.) ;
#3167=FACE_OUTER_BOUND('',#3162,.T.) ;
#3179=FACE_OUTER_BOUND('',#3174,.T.) ;
#3210=FACE_OUTER_BOUND('',#3205,.T.) ;
#3222=FACE_OUTER_BOUND('',#3217,.T.) ;
#3253=FACE_OUTER_BOUND('',#3248,.T.) ;
#3270=FACE_OUTER_BOUND('',#3265,.T.) ;
#3301=FACE_OUTER_BOUND('',#3296,.T.) ;
#3313=FACE_OUTER_BOUND('',#3308,.T.) ;
#3323=FACE_OUTER_BOUND('',#3315,.T.) ;
#3367=FACE_OUTER_BOUND('',#3362,.T.) ;
#3379=FACE_OUTER_BOUND('',#3374,.T.) ;
#3411=FACE_OUTER_BOUND('',#3405,.T.) ;
#3419=FACE_OUTER_BOUND('',#3413,.T.) ;
#3450=FACE_OUTER_BOUND('',#3444,.T.) ;
#3472=FACE_OUTER_BOUND('',#3467,.T.) ;
#3484=FACE_OUTER_BOUND('',#3479,.T.) ;
#3515=FACE_OUTER_BOUND('',#3510,.T.) ;
#3527=FACE_OUTER_BOUND('',#3522,.T.) ;
#3558=FACE_OUTER_BOUND('',#3553,.T.) ;
#3575=FACE_OUTER_BOUND('',#3570,.T.) ;
#3606=FACE_OUTER_BOUND('',#3601,.T.) ;
#3618=FACE_OUTER_BOUND('',#3613,.T.) ;
#3649=FACE_OUTER_BOUND('',#3644,.T.) ;
#3666=FACE_OUTER_BOUND('',#3661,.T.) ;
#3697=FACE_OUTER_BOUND('',#3692,.T.) ;
#3709=FACE_OUTER_BOUND('',#3704,.T.) ;
#3740=FACE_OUTER_BOUND('',#3735,.T.) ;
#3757=FACE_OUTER_BOUND('',#3752,.T.) ;
#3788=FACE_OUTER_BOUND('',#3783,.T.) ;
#3800=FACE_OUTER_BOUND('',#3795,.T.) ;
#3811=FACE_OUTER_BOUND('',#3802,.T.) ;
#3867=FACE_OUTER_BOUND('',#3862,.T.) ;
#3879=FACE_OUTER_BOUND('',#3874,.T.) ;
#3910=FACE_OUTER_BOUND('',#3905,.T.) ;
#3922=FACE_OUTER_BOUND('',#3917,.T.) ;
#3953=FACE_OUTER_BOUND('',#3948,.T.) ;
#3970=FACE_OUTER_BOUND('',#3965,.T.) ;
#4001=FACE_OUTER_BOUND('',#3996,.T.) ;
#4013=FACE_OUTER_BOUND('',#4008,.T.) ;
#4044=FACE_OUTER_BOUND('',#4039,.T.) ;
#4061=FACE_OUTER_BOUND('',#4056,.T.) ;
#4092=FACE_OUTER_BOUND('',#4087,.T.) ;
#4104=FACE_OUTER_BOUND('',#4099,.T.) ;
#4135=FACE_OUTER_BOUND('',#4130,.T.) ;
#4152=FACE_OUTER_BOUND('',#4147,.T.) ;
#4183=FACE_OUTER_BOUND('',#4178,.T.) ;
#4195=FACE_OUTER_BOUND('',#4190,.T.) ;
#4206=FACE_OUTER_BOUND('',#4197,.T.) ;
#4262=FACE_OUTER_BOUND('',#4257,.T.) ;
#4274=FACE_OUTER_BOUND('',#4269,.T.) ;
#4300=FACE_OUTER_BOUND('',#4295,.T.) ;
#4312=FACE_OUTER_BOUND('',#4307,.T.) ;
#4343=FACE_OUTER_BOUND('',#4338,.T.) ;
#4360=FACE_OUTER_BOUND('',#4355,.T.) ;
#4386=FACE_OUTER_BOUND('',#4381,.T.) ;
#4398=FACE_OUTER_BOUND('',#4393,.T.) ;
#4419=FACE_OUTER_BOUND('',#4410,.T.) ;
#4463=FACE_OUTER_BOUND('',#4458,.T.) ;
#4475=FACE_OUTER_BOUND('',#4470,.T.) ;
#4480=FACE_OUTER_BOUND('',#4477,.T.) ;
#4524=FACE_OUTER_BOUND('',#4519,.T.) ;
#4536=FACE_OUTER_BOUND('',#4531,.T.) ;
#4558=FACE_OUTER_BOUND('',#4553,.T.) ;
#4570=FACE_OUTER_BOUND('',#4565,.T.) ;
#4596=FACE_OUTER_BOUND('',#4591,.T.) ;
#4608=FACE_OUTER_BOUND('',#4603,.T.) ;
#4639=FACE_OUTER_BOUND('',#4634,.T.) ;
#4656=FACE_OUTER_BOUND('',#4651,.T.) ;
#4682=FACE_OUTER_BOUND('',#4677,.T.) ;
#4694=FACE_OUTER_BOUND('',#4689,.T.) ;
#4704=FACE_OUTER_BOUND('',#4696,.T.) ;
#4748=FACE_OUTER_BOUND('',#4743,.T.) ;
#4760=FACE_OUTER_BOUND('',#4755,.T.) ;
#4792=FACE_OUTER_BOUND('',#4786,.T.) ;
#4805=FACE_OUTER_BOUND('',#4799,.T.) ;
#4813=FACE_OUTER_BOUND('',#4807,.T.) ;
#4853=FACE_OUTER_BOUND('',#4848,.T.) ;
#4865=FACE_OUTER_BOUND('',#4860,.T.) ;
#45=UNCERTAINTY_MEASURE_WITH_UNIT(LENGTH_MEASURE(0.005),#41,'distance_accuracy_value','CONFUSED CURVE UNCERTAINTY') ;
#60=LINE('Line',#57,#59) ;
#76=LINE('Line',#73,#75) ;
#92=LINE('Line',#89,#91) ;
#157=LINE('Line',#154,#156) ;
#196=LINE('Line',#193,#195) ;
#210=LINE('Line',#207,#209) ;
#228=LINE('Line',#225,#227) ;
#237=LINE('Line',#234,#236) ;
#244=LINE('Line',#241,#243) ;
#251=LINE('Line',#248,#250) ;
#279=LINE('Line',#276,#278) ;
#284=LINE('Line',#281,#283) ;
#298=LINE('Line',#295,#297) ;
#312=LINE('Line',#309,#311) ;
#319=LINE('Line',#316,#318) ;
#372=LINE('Line',#369,#371) ;
#386=LINE('Line',#383,#385) ;
#419=LINE('Line',#416,#418) ;
#453=LINE('Line',#450,#452) ;
#487=LINE('Line',#484,#486) ;
#566=LINE('Line',#563,#565) ;
#573=LINE('Line',#570,#572) ;
#617=LINE('Line',#614,#616) ;
#673=LINE('Line',#670,#672) ;
#791=LINE('Line',#788,#790) ;
#820=LINE('Line',#817,#819) ;
#836=LINE('Line',#833,#835) ;
#850=LINE('Line',#847,#849) ;
#864=LINE('Line',#861,#863) ;
#968=LINE('Line',#965,#967) ;
#982=LINE('Line',#979,#981) ;
#1002=LINE('Line',#999,#1001) ;
#1019=LINE('Line',#1016,#1018) ;
#1026=LINE('Line',#1023,#1025) ;
#1033=LINE('Line',#1030,#1032) ;
#1057=LINE('Line',#1054,#1056) ;
#1069=LINE('Line',#1066,#1068) ;
#1083=LINE('Line',#1080,#1082) ;
#1095=LINE('Line',#1092,#1094) ;
#1109=LINE('Line',#1106,#1108) ;
#1167=LINE('Line',#1164,#1166) ;
#1181=LINE('Line',#1178,#1180) ;
#1210=LINE('Line',#1207,#1209) ;
#1217=LINE('Line',#1214,#1216) ;
#1224=LINE('Line',#1221,#1223) ;
#1248=LINE('Line',#1245,#1247) ;
#1272=LINE('Line',#1269,#1271) ;
#1289=LINE('Line',#1286,#1288) ;
#1303=LINE('Line',#1300,#1302) ;
#1320=LINE('Line',#1317,#1319) ;
#1336=LINE('Line',#1333,#1335) ;
#1360=LINE('Line',#1357,#1359) ;
#1367=LINE('Line',#1364,#1366) ;
#1374=LINE('Line',#1371,#1373) ;
#1398=LINE('Line',#1395,#1397) ;
#1422=LINE('Line',#1419,#1421) ;
#1438=LINE('Line',#1435,#1437) ;
#1452=LINE('Line',#1449,#1451) ;
#1721=LINE('Line',#1718,#1720) ;
#1726=LINE('Line',#1723,#1725) ;
#1764=LINE('Line',#1761,#1763) ;
#1778=LINE('Line',#1775,#1777) ;
#1870=LINE('Line',#1867,#1869) ;
#1875=LINE('Line',#1872,#1874) ;
#1907=LINE('Line',#1904,#1906) ;
#2126=LINE('Line',#2123,#2125) ;
#2140=LINE('Line',#2137,#2139) ;
#2164=LINE('Line',#2161,#2163) ;
#2173=LINE('Line',#2170,#2172) ;
#2180=LINE('Line',#2177,#2179) ;
#2185=LINE('Line',#2182,#2184) ;
#2202=LINE('Line',#2199,#2201) ;
#2216=LINE('Line',#2213,#2215) ;
#2240=LINE('Line',#2237,#2239) ;
#2247=LINE('Line',#2244,#2246) ;
#2254=LINE('Line',#2251,#2253) ;
#2271=LINE('Line',#2268,#2270) ;
#2295=LINE('Line',#2292,#2294) ;
#2302=LINE('Line',#2299,#2301) ;
#2319=LINE('Line',#2316,#2318) ;
#2343=LINE('Line',#2340,#2342) ;
#2350=LINE('Line',#2347,#2349) ;
#2367=LINE('Line',#2364,#2366) ;
#2391=LINE('Line',#2388,#2390) ;
#2398=LINE('Line',#2395,#2397) ;
#2422=LINE('Line',#2419,#2421) ;
#2434=LINE('Line',#2431,#2433) ;
#2482=LINE('Line',#2479,#2481) ;
#2487=LINE('Line',#2484,#2486) ;
#2503=LINE('Line',#2500,#2502) ;
#2510=LINE('Line',#2507,#2509) ;
#2522=LINE('Line',#2519,#2521) ;
#2546=LINE('Line',#2543,#2545) ;
#2565=LINE('Line',#2562,#2564) ;
#2579=LINE('Line',#2576,#2578) ;
#2603=LINE('Line',#2600,#2602) ;
#2610=LINE('Line',#2607,#2609) ;
#2623=LINE('Line',#2620,#2622) ;
#2666=LINE('Line',#2663,#2665) ;
#2673=LINE('Line',#2670,#2672) ;
#2692=LINE('Line',#2689,#2691) ;
#2699=LINE('Line',#2696,#2698) ;
#2716=LINE('Line',#2713,#2715) ;
#2735=LINE('Line',#2732,#2734) ;
#2740=LINE('Line',#2737,#2739) ;
#2754=LINE('Line',#2751,#2753) ;
#2759=LINE('Line',#2756,#2758) ;
#2773=LINE('Line',#2770,#2772) ;
#2833=LINE('Line',#2830,#2832) ;
#2857=LINE('Line',#2854,#2856) ;
#2887=LINE('Line',#2884,#2886) ;
#2892=LINE('Line',#2889,#2891) ;
#2921=LINE('Line',#2918,#2920) ;
#2935=LINE('Line',#2932,#2934) ;
#2978=LINE('Line',#2975,#2977) ;
#2983=LINE('Line',#2980,#2982) ;
#3012=LINE('Line',#3009,#3011) ;
#3055=LINE('Line',#3052,#3054) ;
#3060=LINE('Line',#3057,#3059) ;
#3098=LINE('Line',#3095,#3097) ;
#3103=LINE('Line',#3100,#3102) ;
#3155=LINE('Line',#3152,#3154) ;
#3160=LINE('Line',#3157,#3159) ;
#3198=LINE('Line',#3195,#3197) ;
#3203=LINE('Line',#3200,#3202) ;
#3232=LINE('Line',#3229,#3231) ;
#3246=LINE('Line',#3243,#3245) ;
#3289=LINE('Line',#3286,#3288) ;
#3294=LINE('Line',#3291,#3293) ;
#3355=LINE('Line',#3352,#3354) ;
#3360=LINE('Line',#3357,#3359) ;
#3398=LINE('Line',#3395,#3397) ;
#3403=LINE('Line',#3400,#3402) ;
#3460=LINE('Line',#3457,#3459) ;
#3465=LINE('Line',#3462,#3464) ;
#3503=LINE('Line',#3500,#3502) ;
#3508=LINE('Line',#3505,#3507) ;
#3537=LINE('Line',#3534,#3536) ;
#3551=LINE('Line',#3548,#3550) ;
#3594=LINE('Line',#3591,#3593) ;
#3599=LINE('Line',#3596,#3598) ;
#3628=LINE('Line',#3625,#3627) ;
#3642=LINE('Line',#3639,#3641) ;
#3685=LINE('Line',#3682,#3684) ;
#3690=LINE('Line',#3687,#3689) ;
#3719=LINE('Line',#3716,#3718) ;
#3733=LINE('Line',#3730,#3732) ;
#3776=LINE('Line',#3773,#3775) ;
#3781=LINE('Line',#3778,#3780) ;
#3855=LINE('Line',#3852,#3854) ;
#3860=LINE('Line',#3857,#3859) ;
#3898=LINE('Line',#3895,#3897) ;
#3903=LINE('Line',#3900,#3902) ;
#3932=LINE('Line',#3929,#3931) ;
#3946=LINE('Line',#3943,#3945) ;
#3989=LINE('Line',#3986,#3988) ;
#3994=LINE('Line',#3991,#3993) ;
#4023=LINE('Line',#4020,#4022) ;
#4037=LINE('Line',#4034,#4036) ;
#4080=LINE('Line',#4077,#4079) ;
#4085=LINE('Line',#4082,#4084) ;
#4114=LINE('Line',#4111,#4113) ;
#4128=LINE('Line',#4125,#4127) ;
#4171=LINE('Line',#4168,#4170) ;
#4176=LINE('Line',#4173,#4175) ;
#4250=LINE('Line',#4247,#4249) ;
#4255=LINE('Line',#4252,#4254) ;
#4288=LINE('Line',#4285,#4287) ;
#4293=LINE('Line',#4290,#4292) ;
#4322=LINE('Line',#4319,#4321) ;
#4329=LINE('Line',#4326,#4328) ;
#4374=LINE('Line',#4371,#4373) ;
#4379=LINE('Line',#4376,#4378) ;
#4408=LINE('Line',#4405,#4407) ;
#4451=LINE('Line',#4448,#4450) ;
#4456=LINE('Line',#4453,#4455) ;
#4512=LINE('Line',#4509,#4511) ;
#4517=LINE('Line',#4514,#4516) ;
#4546=LINE('Line',#4543,#4545) ;
#4551=LINE('Line',#4548,#4550) ;
#4584=LINE('Line',#4581,#4583) ;
#4589=LINE('Line',#4586,#4588) ;
#4618=LINE('Line',#4615,#4617) ;
#4625=LINE('Line',#4622,#4624) ;
#4670=LINE('Line',#4667,#4669) ;
#4675=LINE('Line',#4672,#4674) ;
#4736=LINE('Line',#4733,#4735) ;
#4741=LINE('Line',#4738,#4740) ;
#4779=LINE('Line',#4776,#4778) ;
#4784=LINE('Line',#4781,#4783) ;
#4841=LINE('Line',#4838,#4840) ;
#4846=LINE('Line',#4843,#4845) ;
#2=MECHANICAL_CONTEXT(' ',#1,'mechanical') ;
#24=PERSONAL_ADDRESS(' ',' ',' ',' ',' ',' ',' ',' ',' ',' ',' ',' ',(#22),' ') ;
#224=PLANE('',#223) ;
#554=PLANE('',#553) ;
#816=PLANE('',#815) ;
#1015=PLANE('',#1014) ;
#1206=PLANE('',#1205) ;
#1356=PLANE('',#1355) ;
#1666=PLANE('',#1665) ;
#1808=PLANE('',#1807) ;
#1836=PLANE('',#1835) ;
#1889=PLANE('',#1888) ;
#2291=PLANE('',#2290) ;
#2339=PLANE('',#2338) ;
#2387=PLANE('',#2386) ;
#2466=PLANE('',#2465) ;
#3008=PLANE('',#3007) ;
#4404=PLANE('',#4403) ;
#43=PLANE_ANGLE_MEASURE_WITH_UNIT(PLANE_ANGLE_MEASURE(0.0174532925199),#42) ;
#7=PRODUCT_CATEGORY('part',$) ;
#9=PRODUCT_CATEGORY_RELATIONSHIP(' ',' ',#7,#8) ;
#6=PRODUCT_DEFINITION_FORMATION_WITH_SPECIFIED_SOURCE('00',' ',#5,.MADE.) ;
#8=PRODUCT_RELATED_PRODUCT_CATEGORY('detail',$,(#5)) ;
#50=SHAPE_DEFINITION_REPRESENTATION(#40,#49) ;
#62=VERTEX_POINT('',#61) ;
#64=VERTEX_POINT('',#63) ;
#71=VERTEX_POINT('',#70) ;
#78=VERTEX_POINT('',#77) ;
#87=VERTEX_POINT('',#86) ;
#94=VERTEX_POINT('',#93) ;
#113=VERTEX_POINT('',#112) ;
#152=VERTEX_POINT('',#151) ;
#159=VERTEX_POINT('',#158) ;
#172=VERTEX_POINT('',#171) ;
#198=VERTEX_POINT('',#197) ;
#205=VERTEX_POINT('',#204) ;
#230=VERTEX_POINT('',#229) ;
#232=VERTEX_POINT('',#231) ;
#239=VERTEX_POINT('',#238) ;
#246=VERTEX_POINT('',#245) ;
#265=VERTEX_POINT('',#264) ;
#267=VERTEX_POINT('',#266) ;
#274=VERTEX_POINT('',#273) ;
#286=VERTEX_POINT('',#285) ;
#293=VERTEX_POINT('',#292) ;
#300=VERTEX_POINT('',#299) ;
#307=VERTEX_POINT('',#306) ;
#314=VERTEX_POINT('',#313) ;
#337=VERTEX_POINT('',#336) ;
#339=VERTEX_POINT('',#338) ;
#355=VERTEX_POINT('',#354) ;
#357=VERTEX_POINT('',#356) ;
#374=VERTEX_POINT('',#373) ;
#381=VERTEX_POINT('',#380) ;
#388=VERTEX_POINT('',#387) ;
#396=VERTEX_POINT('',#395) ;
#405=VERTEX_POINT('',#404) ;
#414=VERTEX_POINT('',#413) ;
#421=VERTEX_POINT('',#420) ;
#431=VERTEX_POINT('',#430) ;
#440=VERTEX_POINT('',#439) ;
#448=VERTEX_POINT('',#447) ;
#455=VERTEX_POINT('',#454) ;
#463=VERTEX_POINT('',#462) ;
#472=VERTEX_POINT('',#471) ;
#482=VERTEX_POINT('',#481) ;
#524=VERTEX_POINT('',#523) ;
#526=VERTEX_POINT('',#525) ;
#568=VERTEX_POINT('',#567) ;
#588=VERTEX_POINT('',#587) ;
#596=VERTEX_POINT('',#595) ;
#619=VERTEX_POINT('',#618) ;
#629=VERTEX_POINT('',#628) ;
#638=VERTEX_POINT('',#637) ;
#646=VERTEX_POINT('',#645) ;
#659=VERTEX_POINT('',#658) ;
#668=VERTEX_POINT('',#667) ;
#712=VERTEX_POINT('',#711) ;
#714=VERTEX_POINT('',#713) ;
#744=VERTEX_POINT('',#743) ;
#746=VERTEX_POINT('',#745) ;
#759=VERTEX_POINT('',#758) ;
#767=VERTEX_POINT('',#766) ;
#776=VERTEX_POINT('',#775) ;
#786=VERTEX_POINT('',#785) ;
#793=VERTEX_POINT('',#792) ;
#822=VERTEX_POINT('',#821) ;
#824=VERTEX_POINT('',#823) ;
#831=VERTEX_POINT('',#830) ;
#838=VERTEX_POINT('',#837) ;
#845=VERTEX_POINT('',#844) ;
#852=VERTEX_POINT('',#851) ;
#859=VERTEX_POINT('',#858) ;
#866=VERTEX_POINT('',#865) ;
#892=VERTEX_POINT('',#891) ;
#894=VERTEX_POINT('',#893) ;
#910=VERTEX_POINT('',#909) ;
#912=VERTEX_POINT('',#911) ;
#928=VERTEX_POINT('',#927) ;
#930=VERTEX_POINT('',#929) ;
#946=VERTEX_POINT('',#945) ;
#948=VERTEX_POINT('',#947) ;
#970=VERTEX_POINT('',#969) ;
#977=VERTEX_POINT('',#976) ;
#997=VERTEX_POINT('',#996) ;
#1021=VERTEX_POINT('',#1020) ;
#1028=VERTEX_POINT('',#1027) ;
#1052=VERTEX_POINT('',#1051) ;
#1071=VERTEX_POINT('',#1070) ;
#1078=VERTEX_POINT('',#1077) ;
#1097=VERTEX_POINT('',#1096) ;
#1104=VERTEX_POINT('',#1103) ;
#1111=VERTEX_POINT('',#1110) ;
#1130=VERTEX_POINT('',#1129) ;
#1169=VERTEX_POINT('',#1168) ;
#1176=VERTEX_POINT('',#1175) ;
#1212=VERTEX_POINT('',#1211) ;
#1219=VERTEX_POINT('',#1218) ;
#1243=VERTEX_POINT('',#1242) ;
#1267=VERTEX_POINT('',#1266) ;
#1291=VERTEX_POINT('',#1290) ;
#1298=VERTEX_POINT('',#1297) ;
#1322=VERTEX_POINT('',#1321) ;
#1324=VERTEX_POINT('',#1323) ;
#1331=VERTEX_POINT('',#1330) ;
#1338=VERTEX_POINT('',#1337) ;
#1362=VERTEX_POINT('',#1361) ;
#1369=VERTEX_POINT('',#1368) ;
#1393=VERTEX_POINT('',#1392) ;
#1400=VERTEX_POINT('',#1399) ;
#1424=VERTEX_POINT('',#1423) ;
#1426=VERTEX_POINT('',#1425) ;
#1433=VERTEX_POINT('',#1432) ;
#1440=VERTEX_POINT('',#1439) ;
#1447=VERTEX_POINT('',#1446) ;
#1454=VERTEX_POINT('',#1453) ;
#1486=VERTEX_POINT('',#1485) ;
#1488=VERTEX_POINT('',#1487) ;
#1522=VERTEX_POINT('',#1521) ;
#1524=VERTEX_POINT('',#1523) ;
#1561=VERTEX_POINT('',#1560) ;
#1563=VERTEX_POINT('',#1562) ;
#1597=VERTEX_POINT('',#1596) ;
#1599=VERTEX_POINT('',#1598) ;
#1636=VERTEX_POINT('',#1635) ;
#1638=VERTEX_POINT('',#1637) ;
#1672=VERTEX_POINT('',#1671) ;
#1674=VERTEX_POINT('',#1673) ;
#1690=VERTEX_POINT('',#1689) ;
#1692=VERTEX_POINT('',#1691) ;
#1714=VERTEX_POINT('',#1713) ;
#1716=VERTEX_POINT('',#1715) ;
#1757=VERTEX_POINT('',#1756) ;
#1759=VERTEX_POINT('',#1758) ;
#1766=VERTEX_POINT('',#1765) ;
#1773=VERTEX_POINT('',#1772) ;
#1814=VERTEX_POINT('',#1813) ;
#1816=VERTEX_POINT('',#1815) ;
#1842=VERTEX_POINT('',#1841) ;
#1844=VERTEX_POINT('',#1843) ;
#1865=VERTEX_POINT('',#1864) ;
#1932=VERTEX_POINT('',#1931) ;
#1934=VERTEX_POINT('',#1933) ;
#1971=VERTEX_POINT('',#1970) ;
#1973=VERTEX_POINT('',#1972) ;
#2007=VERTEX_POINT('',#2006) ;
#2009=VERTEX_POINT('',#2008) ;
#2046=VERTEX_POINT('',#2045) ;
#2048=VERTEX_POINT('',#2047) ;
#2085=VERTEX_POINT('',#2084) ;
#2087=VERTEX_POINT('',#2086) ;
#2128=VERTEX_POINT('',#2127) ;
#2135=VERTEX_POINT('',#2134) ;
#2166=VERTEX_POINT('',#2165) ;
#2168=VERTEX_POINT('',#2167) ;
#2175=VERTEX_POINT('',#2174) ;
#2204=VERTEX_POINT('',#2203) ;
#2211=VERTEX_POINT('',#2210) ;
#2242=VERTEX_POINT('',#2241) ;
#2249=VERTEX_POINT('',#2248) ;
#2273=VERTEX_POINT('',#2272) ;
#2297=VERTEX_POINT('',#2296) ;
#2321=VERTEX_POINT('',#2320) ;
#2345=VERTEX_POINT('',#2344) ;
#2369=VERTEX_POINT('',#2368) ;
#2393=VERTEX_POINT('',#2392) ;
#2436=VERTEX_POINT('',#2435) ;
#2472=VERTEX_POINT('',#2471) ;
#2505=VERTEX_POINT('',#2504) ;
#2524=VERTEX_POINT('',#2523) ;
#2548=VERTEX_POINT('',#2547) ;
#2567=VERTEX_POINT('',#2566) ;
#2574=VERTEX_POINT('',#2573) ;
#2605=VERTEX_POINT('',#2604) ;
#2625=VERTEX_POINT('',#2624) ;
#2668=VERTEX_POINT('',#2667) ;
#2675=VERTEX_POINT('',#2674) ;
#2694=VERTEX_POINT('',#2693) ;
#2718=VERTEX_POINT('',#2717) ;
#2791=VERTEX_POINT('',#2790) ;
#2793=VERTEX_POINT('',#2792) ;
#2809=VERTEX_POINT('',#2808) ;
#2811=VERTEX_POINT('',#2810) ;
#2828=VERTEX_POINT('',#2827) ;
#2847=VERTEX_POINT('',#2846) ;
#2880=VERTEX_POINT('',#2879) ;
#2882=VERTEX_POINT('',#2881) ;
#2923=VERTEX_POINT('',#2922) ;
#2930=VERTEX_POINT('',#2929) ;
#2971=VERTEX_POINT('',#2970) ;
#2973=VERTEX_POINT('',#2972) ;
#3029=VERTEX_POINT('',#3028) ;
#3031=VERTEX_POINT('',#3030) ;
#3091=VERTEX_POINT('',#3090) ;
#3093=VERTEX_POINT('',#3092) ;
#3133=VERTEX_POINT('',#3132) ;
#3135=VERTEX_POINT('',#3134) ;
#3191=VERTEX_POINT('',#3190) ;
#3193=VERTEX_POINT('',#3192) ;
#3234=VERTEX_POINT('',#3233) ;
#3241=VERTEX_POINT('',#3240) ;
#3282=VERTEX_POINT('',#3281) ;
#3284=VERTEX_POINT('',#3283) ;
#3329=VERTEX_POINT('',#3328) ;
#3331=VERTEX_POINT('',#3330) ;
#3391=VERTEX_POINT('',#3390) ;
#3393=VERTEX_POINT('',#3392) ;
#3425=VERTEX_POINT('',#3424) ;
#3427=VERTEX_POINT('',#3426) ;
#3496=VERTEX_POINT('',#3495) ;
#3498=VERTEX_POINT('',#3497) ;
#3539=VERTEX_POINT('',#3538) ;
#3546=VERTEX_POINT('',#3545) ;
#3587=VERTEX_POINT('',#3586) ;
#3589=VERTEX_POINT('',#3588) ;
#3630=VERTEX_POINT('',#3629) ;
#3637=VERTEX_POINT('',#3636) ;
#3678=VERTEX_POINT('',#3677) ;
#3680=VERTEX_POINT('',#3679) ;
#3721=VERTEX_POINT('',#3720) ;
#3728=VERTEX_POINT('',#3727) ;
#3769=VERTEX_POINT('',#3768) ;
#3771=VERTEX_POINT('',#3770) ;
#3817=VERTEX_POINT('',#3816) ;
#3819=VERTEX_POINT('',#3818) ;
#3891=VERTEX_POINT('',#3890) ;
#3893=VERTEX_POINT('',#3892) ;
#3934=VERTEX_POINT('',#3933) ;
#3941=VERTEX_POINT('',#3940) ;
#3982=VERTEX_POINT('',#3981) ;
#3984=VERTEX_POINT('',#3983) ;
#4025=VERTEX_POINT('',#4024) ;
#4032=VERTEX_POINT('',#4031) ;
#4073=VERTEX_POINT('',#4072) ;
#4075=VERTEX_POINT('',#4074) ;
#4116=VERTEX_POINT('',#4115) ;
#4123=VERTEX_POINT('',#4122) ;
#4164=VERTEX_POINT('',#4163) ;
#4166=VERTEX_POINT('',#4165) ;
#4212=VERTEX_POINT('',#4211) ;
#4214=VERTEX_POINT('',#4213) ;
#4281=VERTEX_POINT('',#4280) ;
#4283=VERTEX_POINT('',#4282) ;
#4324=VERTEX_POINT('',#4323) ;
#4331=VERTEX_POINT('',#4330) ;
#4367=VERTEX_POINT('',#4366) ;
#4369=VERTEX_POINT('',#4368) ;
#4425=VERTEX_POINT('',#4424) ;
#4427=VERTEX_POINT('',#4426) ;
#4486=VERTEX_POINT('',#4485) ;
#4488=VERTEX_POINT('',#4487) ;
#4505=VERTEX_POINT('',#4504) ;
#4507=VERTEX_POINT('',#4506) ;
#4577=VERTEX_POINT('',#4576) ;
#4579=VERTEX_POINT('',#4578) ;
#4620=VERTEX_POINT('',#4619) ;
#4627=VERTEX_POINT('',#4626) ;
#4663=VERTEX_POINT('',#4662) ;
#4665=VERTEX_POINT('',#4664) ;
#4710=VERTEX_POINT('',#4709) ;
#4712=VERTEX_POINT('',#4711) ;
#4772=VERTEX_POINT('',#4771) ;
#4774=VERTEX_POINT('',#4773) ;
#4819=VERTEX_POINT('',#4818) ;
#4821=VERTEX_POINT('',#4820) ;
#41=(LENGTH_UNIT()NAMED_UNIT(*)SI_UNIT(.MILLI.,.METRE.)) ;
#42=(NAMED_UNIT(*)PLANE_ANGLE_UNIT()SI_UNIT($,.RADIAN.)) ;
#44=(NAMED_UNIT(*)SI_UNIT($,.STERADIAN.)SOLID_ANGLE_UNIT()) ;
#46=(GEOMETRIC_REPRESENTATION_CONTEXT(3)GLOBAL_UNCERTAINTY_ASSIGNED_CONTEXT((#45))GLOBAL_UNIT_ASSIGNED_CONTEXT((#41,#42,#44))REPRESENTATION_CONTEXT(' ',' ')) ;
ENDSEC;
END-ISO-10303-21;
